dataset_name,embed_size,n_layers,batch_size,decay,epochs,eval_epoch,learning_rate,top_k,create_time,result,eval_ndcg,eval_map,eval_precision,eval_recall,score
1m,512,1,4096,0.001,40,-1,0.0025,5,2024-03-28_03-19-18,successful,0.0659391788698633,0.0171186126296762,0.0593046357615894,0.031477974753257,
1m,512,1,4096,0.1,40,-1,0.0025,5,2024-03-28_03-22-43,successful,0.0559891802521079,0.0111640929839803,0.0528145695364238,0.0206940613325635,
1m,512,1,4096,0.001,40,-1,0.01,5,2024-03-28_03-26-08,successful,0.0619649331270439,0.0154935777757011,0.056523178807947,0.0301314202136411,
1m,512,1,4096,0.1,40,-1,0.01,5,2024-03-28_03-29-33,successful,0.0558710376731779,0.0111163576507154,0.052682119205298,0.0204967348616626,
1m,512,1,4096,0.001,40,-1,0.1,5,2024-03-28_03-32-58,successful,0.041367361092706,0.0093582207623032,0.0383112582781457,0.0174854654169343,
1m,512,1,4096,0.1,40,-1,0.1,5,2024-03-28_03-36-23,successful,0.0561226944237515,0.0111875303326908,0.053046357615894,0.0206934997213181,
1m,512,1,10000,0.001,40,-1,0.0025,5,2024-03-28_03-39-48,successful,0.0667307452551147,0.0174532643847736,0.0603311258278145,0.0332721781290062,
1m,512,1,10000,0.1,40,-1,0.0025,5,2024-03-28_03-42-39,successful,0.0559804170975913,0.0112145876677455,0.0527152317880794,0.0202981961052664,
1m,512,1,10000,0.001,40,-1,0.01,5,2024-03-28_03-45-30,successful,0.0633313619560335,0.0163891570479941,0.0571192052980132,0.0304792979551114,
1m,512,1,10000,0.1,40,-1,0.01,5,2024-03-28_03-48-20,successful,0.0559745254005054,0.0113006557444652,0.0527152317880794,0.0206400237716946,
1m,512,1,10000,0.001,40,-1,0.1,5,2024-03-28_03-51-11,successful,0.0414487186578568,0.0091551351377625,0.0385761589403973,0.0175657659975032,
1m,512,1,10000,0.1,40,-1,0.1,5,2024-03-28_03-54-02,successful,0.0563169633943673,0.0113836448855761,0.0528807947019867,0.0206493761657372,
1m,512,1,50000,0.001,40,-1,0.0025,5,2024-03-28_03-56-53,successful,0.0669431717904301,0.0170619325889074,0.0602317880794702,0.0317495714679664,
1m,512,1,50000,0.1,40,-1,0.0025,5,2024-03-28_03-59-53,successful,0.0559562941762066,0.0112473096610705,0.0525496688741721,0.0205977850275154,
1m,512,1,50000,0.001,40,-1,0.01,5,2024-03-28_04-02-49,successful,0.065606499700839,0.0166106063081988,0.0600331125827814,0.0319154814638814,
1m,512,1,50000,0.1,40,-1,0.01,5,2024-03-28_04-05-53,successful,0.0558505953579589,0.0112953335010192,0.0524834437086092,0.0207037973355098,
1m,512,1,50000,0.001,40,-1,0.1,5,2024-03-28_04-09-01,successful,0.0559387650761328,0.0146130623509656,0.0498013245033112,0.0276052682152671,
1m,512,1,50000,0.1,40,-1,0.1,5,2024-03-28_04-12-05,successful,0.0556696942338294,0.0112217738203852,0.0522847682119205,0.0205180929508408,
1m,512,2,4096,0.001,40,-1,0.0025,5,2024-03-28_04-15-01,successful,0.0686720150844129,0.0175071079641308,0.0624503311258278,0.0328330747860922,
1m,512,2,4096,0.1,40,-1,0.0025,5,2024-03-28_04-19-20,successful,0.0553227196845014,0.0111289144865096,0.0519536423841059,0.0203391938026504,
1m,512,2,4096,0.001,40,-1,0.01,5,2024-03-28_04-23-41,successful,0.0672273130967321,0.017143364451805,0.06,0.0315000304503577,
1m,512,2,4096,0.1,40,-1,0.01,5,2024-03-28_04-28-01,successful,0.0554065844600372,0.0111294685142935,0.0520860927152317,0.0203473186188798,
1m,512,2,4096,0.001,40,-1,0.1,5,2024-03-28_04-32-20,successful,0.0546111621399199,0.0140496256022066,0.0494039735099337,0.026374083386278,
1m,512,2,4096,0.1,40,-1,0.1,5,2024-03-28_04-36-39,successful,0.0560349045600119,0.0112442636515405,0.0529139072847682,0.0206681135804247,
1m,512,2,10000,0.001,40,-1,0.0025,5,2024-03-28_04-41-00,successful,0.0689716854725436,0.0176281131322499,0.0622847682119205,0.0332864906073779,
1m,512,2,10000,0.1,40,-1,0.0025,5,2024-03-28_04-44-02,successful,0.055640218453296,0.0113114033789799,0.0517549668874172,0.0199602607557715,
1m,512,2,10000,0.001,40,-1,0.01,5,2024-03-28_04-47-03,successful,0.0681577860188666,0.0177654015684755,0.0612582781456953,0.0325084514655084,
1m,512,2,10000,0.1,40,-1,0.01,5,2024-03-28_04-50-06,successful,0.0560958972148916,0.0114422183806069,0.0524834437086092,0.0206342759206297,
1m,512,2,10000,0.001,40,-1,0.1,5,2024-03-28_04-53-09,successful,0.0545830297565773,0.0135507831406544,0.0501655629139072,0.0257358330692214,
1m,512,2,10000,0.1,40,-1,0.1,5,2024-03-28_04-56-12,successful,0.0557937097407446,0.0113412970552028,0.0521523178807947,0.0203803055412941,
1m,512,2,50000,0.001,40,-1,0.0025,5,2024-03-28_04-59-13,successful,0.0682218334981697,0.0165156356199371,0.0623509933774834,0.0303349125318062,
1m,512,2,50000,0.1,40,-1,0.0025,5,2024-03-28_05-01-48,successful,0.0556221750108848,0.0113672533515213,0.0516556291390728,0.0202512065624496,
1m,512,2,50000,0.001,40,-1,0.01,5,2024-03-28_05-04-23,successful,0.0676316339669226,0.0168869310515126,0.0613245033112582,0.0324545057755198,
1m,512,2,50000,0.1,40,-1,0.01,5,2024-03-28_05-06-57,successful,0.05516507993943,0.0110795355792441,0.0517218543046357,0.0202143506436709,
1m,512,2,50000,0.001,40,-1,0.1,5,2024-03-28_05-09-33,successful,0.0645528214941856,0.0160980318994272,0.0581125827814569,0.030184311387652,
1m,512,2,50000,0.1,40,-1,0.1,5,2024-03-28_05-12-08,successful,0.0555819933967621,0.0113049058744143,0.0517218543046357,0.0201989824854311,
1m,512,3,4096,0.001,40,-1,0.0025,5,2024-03-28_05-14-43,successful,0.0696498899859353,0.0170855663377624,0.0643708609271523,0.0318884562006225,
1m,512,3,4096,0.1,40,-1,0.0025,5,2024-03-28_05-20-02,successful,0.0560887853938042,0.0114565797924556,0.0521854304635761,0.0205483650017984,
1m,512,3,4096,0.001,40,-1,0.01,5,2024-03-28_05-25-22,successful,0.0704473394424273,0.0175370096778012,0.0644701986754966,0.032462043114016,
1m,512,3,4096,0.1,40,-1,0.01,5,2024-03-28_05-30-42,successful,0.0560851232285163,0.0114654153657343,0.052251655629139,0.0205389336909254,
1m,512,3,4096,0.001,40,-1,0.1,5,2024-03-28_05-35-59,successful,0.0625195987165923,0.0145457612411846,0.0574503311258278,0.0276436316473059,
1m,512,3,4096,0.1,40,-1,0.1,5,2024-03-28_05-41-17,successful,0.0562018255793045,0.011429255185486,0.0523178807947019,0.0205299504527349,
1m,512,3,10000,0.001,40,-1,0.0025,5,2024-03-28_05-46-36,successful,0.0691505848089078,0.0168186805378715,0.06341059602649,0.0313973277829208,
1m,512,3,10000,0.1,40,-1,0.0025,5,2024-03-28_05-49-57,successful,0.056066093192013,0.0114650656171765,0.0522185430463576,0.0205295779027425,
1m,512,3,10000,0.001,40,-1,0.01,5,2024-03-28_05-53-19,successful,0.0696508348805341,0.0172555667472462,0.0637748344370861,0.0327184049060536,
1m,512,3,10000,0.1,40,-1,0.01,5,2024-03-28_05-56-40,successful,0.056300138496566,0.011525457084784,0.0524834437086092,0.0207884091352216,
1m,512,3,10000,0.001,40,-1,0.1,5,2024-03-28_06-00-03,successful,0.0668419656552851,0.0164779063276963,0.0609602649006622,0.0302258533643246,
1m,512,3,10000,0.1,40,-1,0.1,5,2024-03-28_06-03-24,successful,0.0562316799345965,0.0114789263297237,0.0524172185430463,0.0206235675727286,
1m,512,3,50000,0.001,40,-1,0.0025,5,2024-03-28_06-06-45,successful,0.0677030370057138,0.0154221380033991,0.0627152317880794,0.0290317538179028,
1m,512,3,50000,0.1,40,-1,0.0025,5,2024-03-28_06-09-37,successful,0.0561735550793913,0.0114758402705935,0.0523178807947019,0.0205661980790779,
1m,512,3,50000,0.001,40,-1,0.01,5,2024-03-28_06-12-29,successful,0.0696509074748845,0.0172600539926252,0.0632119205298013,0.0320049486577935,
1m,512,3,50000,0.1,40,-1,0.01,5,2024-03-28_06-15-22,successful,0.0561472853440508,0.0114094399646279,0.0523178807947019,0.0204693811719714,
1m,512,3,50000,0.001,40,-1,0.1,5,2024-03-28_06-18-13,successful,0.0690208190920999,0.0172458915416862,0.0630132450331125,0.0322165820932213,
1m,512,3,50000,0.1,40,-1,0.1,5,2024-03-28_06-21-06,successful,0.0561730825659602,0.0114799846279318,0.0520860927152317,0.020432252181098,
1m,512,4,4096,0.001,40,-1,0.0025,5,2024-03-28_06-23-58,successful,0.0703567011214152,0.0170291165264807,0.0652317880794702,0.0315768367915198,
1m,512,4,4096,0.1,40,-1,0.0025,5,2024-03-28_06-30-13,successful,0.0562278118221771,0.0114871169769114,0.0523841059602648,0.0206311882590249,
1m,512,4,4096,0.001,40,-1,0.01,5,2024-03-28_06-36-31,successful,0.0705605511423843,0.0170110810454041,0.0651324503311258,0.0320300255572139,
1m,512,4,4096,0.1,40,-1,0.01,5,2024-03-28_06-42-48,successful,0.0562170396456078,0.0114740154548406,0.0524172185430463,0.0205909532503418,
1m,512,4,4096,0.001,40,-1,0.1,5,2024-03-28_06-49-05,successful,0.067030543237386,0.0153742727338456,0.0619536423841059,0.0290112017611057,
1m,512,4,4096,0.1,40,-1,0.1,5,2024-03-28_06-55-22,successful,0.0562656663636912,0.0115006022990975,0.0524503311258278,0.0206970665526273,
1m,512,4,10000,0.001,40,-1,0.0025,5,2024-03-28_07-01-38,successful,0.070020483864662,0.016314422611407,0.0651655629139073,0.0307890596945239,
1m,512,4,10000,0.1,40,-1,0.0025,5,2024-03-28_07-05-22,successful,0.0565074506532278,0.01163600129208,0.0524834437086092,0.0206021563416029,
1m,512,4,10000,0.001,40,-1,0.01,5,2024-03-28_07-09-07,successful,0.0707737840458135,0.017375557174778,0.0649668874172185,0.0321227976333688,
1m,512,4,10000,0.1,40,-1,0.01,5,2024-03-28_07-12-51,successful,0.0563099935158896,0.0115104219528108,0.0524834437086092,0.0207076616884758,
1m,512,4,10000,0.001,40,-1,0.1,5,2024-03-28_07-16-35,successful,0.0689379688381334,0.0163720276782129,0.0638079470198675,0.0308894336072935,
1m,512,4,10000,0.1,40,-1,0.1,5,2024-03-28_07-20-20,successful,0.0562282637617568,0.0115079035915624,0.0523509933774834,0.0206547995782416,
1m,512,4,50000,0.001,40,-1,0.0025,5,2024-03-28_07-24-05,successful,0.0653958618309561,0.0143450611845226,0.0614569536423841,0.0274142207950817,
1m,512,4,50000,0.1,40,-1,0.0025,5,2024-03-28_07-26-58,successful,0.0563620162976257,0.011622231072587,0.0523841059602648,0.0205955801709943,
1m,512,4,50000,0.001,40,-1,0.01,5,2024-03-28_07-29-51,successful,0.0706356601023274,0.0172609184972353,0.0647682119205298,0.0313808060131694,
1m,512,4,50000,0.1,40,-1,0.01,5,2024-03-28_07-32-45,successful,0.0566784957608931,0.011672070736458,0.0525827814569536,0.0208659345259027,
1m,512,4,50000,0.001,40,-1,0.1,5,2024-03-28_07-35-38,successful,0.0706740211184523,0.0174938401006999,0.0643046357615894,0.0318921446091047,
1m,512,4,50000,0.1,40,-1,0.1,5,2024-03-28_07-38-31,successful,0.0563474176867547,0.0115987795963762,0.0523178807947019,0.0205076108553695,
1m,1024,1,4096,0.001,40,-1,0.0025,5,2024-03-28_11-00-51,successful,0.0652846749947846,0.0169861829856952,0.0586423841059602,0.0308756316395787,
1m,1024,1,4096,0.1,40,-1,0.0025,5,2024-03-28_11-05-19,successful,0.055923534165101,0.011117573248546,0.0527483443708609,0.0205792029610051,
1m,1024,1,4096,0.001,40,-1,0.01,5,2024-03-28_11-09-48,successful,0.059090189048085,0.0147095695307821,0.0539403973509933,0.0288370088637669,
1m,1024,1,4096,0.1,40,-1,0.01,5,2024-03-28_11-14-16,successful,0.0559095725432758,0.0111387843154533,0.0527152317880794,0.0205977712728764,
1m,1024,1,4096,0.001,40,-1,0.1,5,2024-03-28_11-18-45,successful,0.0407498182913065,0.0087041698129026,0.0385761589403973,0.0177222249151335,
1m,1024,1,4096,0.1,40,-1,0.1,5,2024-03-28_11-23-14,successful,0.0561365626856728,0.011366315740491,0.0529139072847682,0.0207121814714379,
1m,1024,1,10000,0.001,40,-1,0.0025,5,2024-03-28_11-27-43,successful,0.0661679826434212,0.0171795871599924,0.0597682119205298,0.0328693532949096,
1m,1024,1,10000,0.1,40,-1,0.0025,5,2024-03-28_11-30-49,successful,0.0558680155940792,0.0112462690129908,0.0525165562913907,0.020318683469783,
1m,1024,1,10000,0.001,40,-1,0.01,5,2024-03-28_11-33-56,successful,0.0627849529974786,0.0161331066538539,0.0565562913907284,0.0301200375874792,
1m,1024,1,10000,0.1,40,-1,0.01,5,2024-03-28_11-37-03,successful,0.0561053516372201,0.0113525907696726,0.0527814569536423,0.020704630453644,
1m,1024,1,10000,0.001,40,-1,0.1,5,2024-03-28_11-40-09,successful,0.039680040594902,0.0090413802043262,0.0366225165562913,0.0175141105487439,
1m,1024,1,10000,0.1,40,-1,0.1,5,2024-03-28_11-43-15,successful,0.0564027275955709,0.0114472686881312,0.0529470198675496,0.0206791708330851,
1m,1024,1,50000,0.001,40,-1,0.0025,5,2024-03-28_11-46-22,successful,0.0673541586177644,0.0170502608982121,0.0606953642384106,0.0326705221584544,
1m,1024,1,50000,0.1,40,-1,0.0025,5,2024-03-28_11-49-14,successful,0.0559010492966268,0.0112646154634714,0.0524503311258278,0.0206219955965426,
1m,1024,1,50000,0.001,40,-1,0.01,5,2024-03-28_11-52-07,successful,0.0657070765882332,0.0168131760681149,0.0598344370860927,0.0318952305057006,
1m,1024,1,50000,0.1,40,-1,0.01,5,2024-03-28_11-54-59,successful,0.0557536538484732,0.0112342644166001,0.0523841059602648,0.0205051733753256,
1m,1024,1,50000,0.001,40,-1,0.1,5,2024-03-28_11-57-51,successful,0.0548594796590075,0.0138719439368939,0.0498344370860927,0.0268561485488955,
1m,1024,1,50000,0.1,40,-1,0.1,5,2024-03-28_12-00-42,successful,0.0555198869453888,0.0112077470618933,0.0519536423841059,0.0203407991908549,
1m,1024,2,4096,0.001,40,-1,0.0025,5,2024-03-28_12-03-33,successful,0.0683498787781813,0.0175455583928832,0.0616225165562914,0.0326964910647846,
1m,1024,2,4096,0.1,40,-1,0.0025,5,2024-03-28_12-10-08,successful,0.0553952701893902,0.0111329349903539,0.0520529801324503,0.0203450191339645,
1m,1024,2,4096,0.001,40,-1,0.01,5,2024-03-28_12-16-41,successful,0.067348314292184,0.0170984669910754,0.0604635761589404,0.031855590126422,
1m,1024,2,4096,0.1,40,-1,0.01,5,2024-03-28_12-23-15,successful,0.0556254386918861,0.0112622549176211,0.0520860927152317,0.0203473186188798,
1m,1024,2,4096,0.001,40,-1,0.1,5,2024-03-28_12-29-49,successful,0.0425603987411661,0.0092695984171233,0.0399668874172185,0.018626268699408,
1m,1024,2,4096,0.1,40,-1,0.1,5,2024-03-28_12-36-23,successful,0.0559847419368623,0.0112284688498823,0.0529139072847682,0.0206632517617284,
1m,1024,2,10000,0.001,40,-1,0.0025,5,2024-03-28_12-42-57,successful,0.0685108916984303,0.017528224809997,0.0621854304635761,0.0331949956687699,
1m,1024,2,10000,0.1,40,-1,0.0025,5,2024-03-28_12-46-55,successful,0.0556198667751809,0.0113145782717455,0.0517880794701986,0.0199800654717211,
1m,1024,2,10000,0.001,40,-1,0.01,5,2024-03-28_12-50-51,successful,0.0672564862748327,0.017383401183539,0.0604635761589404,0.031414752518882,
1m,1024,2,10000,0.1,40,-1,0.01,5,2024-03-28_12-54-49,successful,0.0561102678962516,0.0114398265067909,0.0525165562913907,0.020635292308009,
1m,1024,2,10000,0.001,40,-1,0.1,5,2024-03-28_12-58-46,successful,0.0654654055678297,0.0165122883408606,0.059933774834437,0.0309914769097129,
1m,1024,2,10000,0.1,40,-1,0.1,5,2024-03-28_13-02-43,successful,0.0561097501150885,0.0114310766738761,0.0525827814569536,0.0206532459125088,
1m,1024,2,50000,0.001,40,-1,0.0025,5,2024-03-28_13-06-40,successful,0.068903202032075,0.0172033059245168,0.0623178807947019,0.0315356843180186,
1m,1024,2,50000,0.1,40,-1,0.0025,5,2024-03-28_13-09-40,successful,0.0556881097765816,0.0113746434890036,0.0517218543046357,0.0202597245777519,
1m,1024,2,50000,0.001,40,-1,0.01,5,2024-03-28_13-12-39,successful,0.0675477352692701,0.0168923179488929,0.0614569536423841,0.032413163620728,
1m,1024,2,50000,0.1,40,-1,0.01,5,2024-03-28_13-15-39,successful,0.0552470186994458,0.0110845460835441,0.0518543046357615,0.0202338805528687,
1m,1024,2,50000,0.001,40,-1,0.1,5,2024-03-28_13-18-39,successful,0.0638217382370051,0.0160620062100719,0.0586754966887417,0.0311078595415446,
1m,1024,2,50000,0.1,40,-1,0.1,5,2024-03-28_13-21-38,successful,0.055837679267322,0.0113230588663588,0.0521192052980132,0.0203198049339625,
1m,1024,3,4096,0.001,40,-1,0.0025,5,2024-03-28_13-24-38,successful,0.0701806483659786,0.0175175497271494,0.0642715231788079,0.0324135820428075,
1m,1024,3,4096,0.1,40,-1,0.0025,5,2024-03-28_13-33-16,successful,0.0562432202124603,0.0114796784063493,0.0524172185430463,0.0205969396990773,
1m,1024,3,4096,0.001,40,-1,0.01,5,2024-03-28_13-41-55,successful,0.0708322563247317,0.0175138757129287,0.0648013245033112,0.0326748026054295,
1m,1024,3,4096,0.1,40,-1,0.01,5,2024-03-28_13-50-36,successful,0.0562153759262095,0.0114743834322678,0.0523841059602648,0.02057640021018,
1m,1024,3,4096,0.001,40,-1,0.1,5,2024-03-28_13-59-21,successful,0.0661686022313893,0.0159202089134023,0.0596357615894039,0.0293798712356993,
1m,1024,3,4096,0.1,40,-1,0.1,5,2024-03-28_14-08-01,successful,0.0561667489023156,0.0114088782083154,0.0523178807947019,0.020439679244914,
1m,1024,3,10000,0.001,40,-1,0.0025,5,2024-03-28_14-16-38,successful,0.0700727106118132,0.0174506131444874,0.0639735099337748,0.0323709784335584,
1m,1024,3,10000,0.1,40,-1,0.0025,5,2024-03-28_14-21-33,successful,0.0562706773387043,0.0115173408369028,0.0524834437086092,0.0207621679111582,
1m,1024,3,10000,0.001,40,-1,0.01,5,2024-03-28_14-26-37,successful,0.0697343447998537,0.0175246802056917,0.0632450331125827,0.0326849710593824,
1m,1024,3,10000,0.1,40,-1,0.01,5,2024-03-28_14-31-39,successful,0.0562900711274716,0.011517974818521,0.0524834437086092,0.0207480850585711,
1m,1024,3,10000,0.001,40,-1,0.1,5,2024-03-28_14-36-28,successful,0.0646054922788022,0.015833341556561,0.0591390728476821,0.0293211525902041,
1m,1024,3,10000,0.1,40,-1,0.1,5,2024-03-28_14-41-16,successful,0.0563083245591215,0.01148248176576,0.0525165562913907,0.0206421710978466,
1m,1024,3,50000,0.001,40,-1,0.0025,5,2024-03-28_14-46-03,successful,0.0690446589360494,0.0162960774446114,0.0631788079470198,0.0298551678975227,
1m,1024,3,50000,0.1,40,-1,0.0025,5,2024-03-28_14-48-56,successful,0.0561325704961637,0.0114740090711862,0.052251655629139,0.0205623327101027,
1m,1024,3,50000,0.001,40,-1,0.01,5,2024-03-28_14-51-48,successful,0.0697421132834444,0.017251471094728,0.063841059602649,0.0323618607027054,
1m,1024,3,50000,0.1,40,-1,0.01,5,2024-03-28_14-54-41,successful,0.0560215374418664,0.0114006920001953,0.0521523178807947,0.020449256942605,
1m,1024,3,50000,0.001,40,-1,0.1,5,2024-03-28_14-57-34,successful,0.0693513888581551,0.0173566693206507,0.0634437086092715,0.0329015228491984,
1m,1024,3,50000,0.1,40,-1,0.1,5,2024-03-28_15-00-27,successful,0.0562303909814795,0.0115576253284915,0.0521192052980132,0.0204522239312022,
1m,1024,4,4096,0.001,40,-1,0.0025,5,2024-03-28_15-03-20,successful,0.0705180305093454,0.0170715895654166,0.0654635761589404,0.0317659337908137,
1m,1024,4,4096,0.1,40,-1,0.0025,5,2024-03-28_15-13-59,successful,0.0562800714997399,0.0114888417241336,0.0524503311258278,0.0206345533589011,
1m,1024,4,4096,0.001,40,-1,0.01,5,2024-03-28_15-24-39,successful,0.0705070553702683,0.0170311641453605,0.0649668874172185,0.0318691982274133,
1m,1024,4,4096,0.1,40,-1,0.01,5,2024-03-28_15-35-19,successful,0.0561821766536787,0.0114741398169734,0.0523841059602648,0.02059292272328,
1m,1024,4,4096,0.001,40,-1,0.1,5,2024-03-28_15-45-58,successful,0.0650651119287228,0.0151311311277235,0.0600331125827814,0.0284710232898288,
1m,1024,4,4096,0.1,40,-1,0.1,5,2024-03-28_15-56-38,successful,0.0563361455643944,0.0114786332207652,0.0525496688741721,0.02075111998589,
1m,1024,4,10000,0.001,40,-1,0.0025,5,2024-03-28_16-07-19,successful,0.0703208200018402,0.0166986838217739,0.0651986754966887,0.0310978353052088,
1m,1024,4,10000,0.1,40,-1,0.0025,5,2024-03-28_16-12-57,successful,0.0566343916427827,0.0116828953258997,0.052615894039735,0.0208066637111568,
1m,1024,4,10000,0.001,40,-1,0.01,5,2024-03-28_16-18-44,successful,0.0705369754316928,0.0172885188431144,0.0647682119205298,0.0321338589455697,
1m,1024,4,10000,0.1,40,-1,0.01,5,2024-03-28_16-24-37,successful,0.0562957303463597,0.0115025635651526,0.0525165562913907,0.0206801480016649,
1m,1024,4,10000,0.001,40,-1,0.1,5,2024-03-28_16-30-31,successful,0.0682397735692157,0.0161348609496271,0.0631456953642384,0.0304319715208857,
1m,1024,4,10000,0.1,40,-1,0.1,5,2024-03-28_16-36-24,successful,0.0564324568747028,0.0115696573530146,0.0526158940397351,0.0209312739124366,
1m,1024,4,50000,0.001,40,-1,0.0025,5,2024-03-28_16-42-18,successful,0.0677800644118989,0.015229662839395,0.06341059602649,0.0286650659576522,
1m,1024,4,50000,0.1,40,-1,0.0025,5,2024-03-28_16-45-38,successful,0.0565281403545517,0.0116684223925433,0.0524172185430463,0.0206918906301924,
1m,1024,4,50000,0.001,40,-1,0.01,5,2024-03-28_16-48-58,successful,0.0712841831273862,0.0175923729930493,0.0650331125827814,0.0320508775764338,
1m,1024,4,50000,0.1,40,-1,0.01,5,2024-03-28_16-52-17,successful,0.0564779354865228,0.0116004681426043,0.0523841059602648,0.0206244302113805,
1m,1024,4,50000,0.001,40,-1,0.1,5,2024-03-28_16-55-36,successful,0.0707497883997182,0.0174925069154447,0.0649006622516556,0.0318728932002306,
1m,1024,4,50000,0.1,40,-1,0.1,5,2024-03-28_16-58-55,successful,0.056421155114519,0.0116052267271239,0.0523509933774834,0.0206072683551766,
1m,512,4,4096,0.001,40,-1,0.0025,20,2024-03-29_09-37-05,successful,0.0842708188016259,0.0269036564413751,0.0518956953642384,0.0984968473343252,
1m,1024,4,4096,0.001,40,-1,0.0025,20,2024-03-29_09-49-39,successful,0.0848822542949975,0.0271985252157849,0.0521274834437086,0.1001368659897394,
1m,1024,3,4096,0.001,40,-1,0.0025,20,2024-03-29_10-04-29,successful,0.0854690100517653,0.0278449760286628,0.0515811258278145,0.1023105380749981,
1m,1024,2,4096,0.001,40,-1,0.0025,20,2024-03-29_10-23-59,successful,0.0847845676668121,0.0277900897948953,0.0504221854304635,0.1029246611059976,
1m,512,3,4096,0.001,40,-1,0.0025,20,2024-03-29_10-35-30,successful,0.0853769962041715,0.0275359838425888,0.0519122516556291,0.1028430237641484,
1m,512,1,4096,0.001,40,-1,0.0025,20,2024-03-29_11-02-20,successful,0.0834658844415712,0.0274205899506059,0.0492632450331125,0.1029215114216379,
1m,512,1,4096,0.0001,40,-1,0.0025,20,2024-03-29_11-05-55,successful,0.0776369846583738,0.0248658839341454,0.0453725165562913,0.0979325826183598,
1m,512,1,4096,0.001,40,-1,0.0025,20,2024-03-29_12-41-34,successful,0.083465458540169,0.0274204257016834,0.0492632450331125,0.1029215114216379,
1m,512,1,4096,0.0001,40,-1,0.0025,20,2024-03-29_12-45-11,successful,0.0776369846583738,0.0248658839341454,0.0453725165562913,0.0979325826183598,
1m,512,1,4096,0.001,40,-1,0.01,20,2024-03-29_12-48-49,successful,0.0767546737666636,0.0243977965074601,0.045455298013245,0.0946574501820796,
1m,512,1,4096,0.0001,40,-1,0.01,20,2024-03-29_12-52-27,successful,0.0587956771577539,0.0176773262440261,0.0358857615894039,0.0710260514699945,
1m,512,1,10000,0.001,40,-1,0.0025,20,2024-03-29_12-56-05,successful,0.0848395747422761,0.0278191580449414,0.0500413907284768,0.1057484430859659,
1m,512,1,10000,0.0001,40,-1,0.0025,20,2024-03-29_12-59-14,successful,0.0809461259969551,0.026383028928244,0.0473758278145695,0.1023006102307618,
1m,512,1,10000,0.001,40,-1,0.01,20,2024-03-29_13-02-23,successful,0.0807380667000359,0.0263117492170981,0.0476490066225165,0.1001075093172516,
1m,512,1,10000,0.0001,40,-1,0.01,20,2024-03-29_13-05-32,successful,0.0685515054211013,0.0214377583128307,0.0405298013245033,0.0861389087836229,
1m,512,1,50000,0.001,40,-1,0.0025,20,2024-03-29_13-08-42,successful,0.0846798443493737,0.0276947818784787,0.050273178807947,0.1039151732012754,
1m,512,1,50000,0.0001,40,-1,0.0025,20,2024-03-29_13-11-50,successful,0.08382290043949,0.0274269947896355,0.049478476821192,0.1053106159886007,
1m,512,1,50000,0.001,40,-1,0.01,20,2024-03-29_13-15-09,successful,0.0840155706621936,0.0272304207220019,0.0498096026490066,0.1052630815828935,
1m,512,1,50000,0.0001,40,-1,0.01,20,2024-03-29_13-18-25,successful,0.0780805396890613,0.024748359956763,0.0459602649006622,0.1012253437138233,
1m,512,2,4096,0.001,40,-1,0.0025,20,2024-03-29_13-21-37,successful,0.0853687246359709,0.0279605383893716,0.0509354304635761,0.104032224267498,
1m,512,2,4096,0.0001,40,-1,0.0025,20,2024-03-29_13-26-08,successful,0.0818338846883437,0.0265076444211144,0.048046357615894,0.1031086128571407,
1m,512,2,4096,0.001,40,-1,0.01,20,2024-03-29_13-30-39,successful,0.0825828683020157,0.0269039974516046,0.048841059602649,0.1000031052120172,
1m,512,2,4096,0.0001,40,-1,0.01,20,2024-03-29_13-35-09,successful,0.0726356038393945,0.0234664310168025,0.0424006622516556,0.0904818822737211,
1m,512,2,10000,0.001,40,-1,0.0025,20,2024-03-29_13-39-40,successful,0.0853354710493836,0.0278794897347251,0.0509023178807947,0.1034857792293445,
1m,512,2,10000,0.0001,40,-1,0.0025,20,2024-03-29_13-43-03,successful,0.0831607579471478,0.0273363625388504,0.0487665562913907,0.1037507790166503,
1m,512,2,10000,0.001,40,-1,0.01,20,2024-03-29_13-46-26,successful,0.0843761291089464,0.0280465333164615,0.0498178807947019,0.1021276904068677,
1m,512,2,10000,0.0001,40,-1,0.01,20,2024-03-29_13-49-48,successful,0.0761108338814949,0.0244237927204356,0.0442466887417218,0.0972386386763599,
1m,512,2,50000,0.001,40,-1,0.0025,20,2024-03-29_13-53-09,successful,0.083928510332999,0.0267862454246135,0.0514238410596026,0.0998500905901363,
1m,512,2,50000,0.0001,40,-1,0.0025,20,2024-03-29_13-56-10,successful,0.0827709186728864,0.0268076225778678,0.0500082781456953,0.0996309362366989,
1m,512,2,50000,0.001,40,-1,0.01,20,2024-03-29_13-59-11,successful,0.0850682981407829,0.0275679241597655,0.0506705298013245,0.1047995104363424,
1m,512,2,50000,0.0001,40,-1,0.01,20,2024-03-29_14-02-13,successful,0.0819259078151832,0.0265556810405185,0.048137417218543,0.1048979243091351,
1m,512,3,4096,0.001,40,-1,0.0025,20,2024-03-29_14-05-15,successful,0.0853769962041715,0.0275359838425888,0.0519122516556291,0.1028430237641484,
1m,512,3,4096,0.0001,40,-1,0.0025,20,2024-03-29_14-10-45,successful,0.0837535710015571,0.0276596632175005,0.0491059602649006,0.1040533697234248,
1m,512,3,4096,0.001,40,-1,0.01,20,2024-03-29_14-16-16,successful,0.0843674147636692,0.0273909664896688,0.05091059602649,0.1003092543578506,
1m,512,3,4096,0.0001,40,-1,0.01,20,2024-03-29_14-21-47,successful,0.0783971997696348,0.0254070881686954,0.0457119205298013,0.0973946888620783,
1m,512,3,10000,0.001,40,-1,0.0025,20,2024-03-29_14-27-16,successful,0.0845419746135806,0.0270700573449246,0.0516804635761589,0.1007995962356347,
1m,512,3,10000,0.0001,40,-1,0.0025,20,2024-03-29_14-30-54,successful,0.0826714535167268,0.0270732383810443,0.0491639072847682,0.1008988066126471,
1m,512,3,10000,0.001,40,-1,0.01,20,2024-03-29_14-34-31,successful,0.0852658357310272,0.0276248740495585,0.0515066225165562,0.1029728260811317,
1m,512,3,10000,0.0001,40,-1,0.01,20,2024-03-29_14-38-10,successful,0.0805059138866194,0.0263876091272941,0.0469867549668874,0.1005302149311905,
1m,512,3,50000,0.001,40,-1,0.0025,20,2024-03-29_14-41-46,successful,0.0803195346096362,0.0249111004098739,0.0507201986754966,0.0916386944841834,
1m,512,3,50000,0.0001,40,-1,0.0025,20,2024-03-29_14-44-55,successful,0.0813737224086743,0.0257791167278182,0.050455298013245,0.0947802020992698,
1m,512,3,50000,0.001,40,-1,0.01,20,2024-03-29_14-48-04,successful,0.0855967211702884,0.027694150784512,0.0517218543046357,0.1027248312124908,
1m,512,3,50000,0.0001,40,-1,0.01,20,2024-03-29_14-51-14,successful,0.0831350450717321,0.0269563747792398,0.0490811258278145,0.1047086846922313,
1m,512,4,4096,0.001,40,-1,0.0025,20,2024-03-29_14-54-23,successful,0.0842708188016259,0.0269036564413751,0.0518956953642384,0.0984968473343252,
1m,512,4,4096,0.0001,40,-1,0.0025,20,2024-03-29_15-00-50,successful,0.0836535568189289,0.0273837728306813,0.0498675496688741,0.1029474974720961,
1m,512,4,4096,0.001,40,-1,0.01,20,2024-03-29_15-07-16,successful,0.084248530462232,0.0269137970862922,0.051432119205298,0.0994819818567869,
1m,512,4,4096,0.0001,40,-1,0.01,20,2024-03-29_15-13-42,successful,0.0806805820770899,0.0262097213849694,0.0473509933774834,0.0998309578275223,
1m,512,4,10000,0.001,40,-1,0.0025,20,2024-03-29_15-20-08,successful,0.0835196937500079,0.0262038774982454,0.0520778145695364,0.0974422142256574,
1m,512,4,10000,0.0001,40,-1,0.0025,20,2024-03-29_15-24-05,successful,0.0825875810529013,0.0266487487597021,0.0497102649006622,0.1002336690104356,
1m,512,4,10000,0.001,40,-1,0.01,20,2024-03-29_15-28-06,successful,0.0852472463994829,0.0276017230951801,0.0520860927152317,0.1002474688694298,
1m,512,4,10000,0.0001,40,-1,0.01,20,2024-03-29_15-32-07,successful,0.0828603986413646,0.027304929442472,0.0489403973509933,0.1027170429671064,
1m,512,4,50000,0.001,40,-1,0.0025,20,2024-03-29_15-36-07,successful,0.0774232049996833,0.0233264254564217,0.0502235099337748,0.0872534849019549,
1m,512,4,50000,0.0001,40,-1,0.0025,20,2024-03-29_15-39-22,successful,0.0782374976845799,0.0241776288610726,0.0494370860927152,0.0893031495651249,
1m,512,4,50000,0.001,40,-1,0.01,20,2024-03-29_15-42-39,successful,0.0850186792093297,0.0272839006186823,0.0523841059602649,0.0992577649129048,
1m,512,4,50000,0.0001,40,-1,0.01,20,2024-03-29_15-45-53,successful,0.0834990812411629,0.0272498610262407,0.0493625827814569,0.102722578094287,
1m,1024,1,4096,0.001,40,-1,0.0025,20,2024-03-29_15-49-10,successful,0.0825457943216038,0.027101414921224,0.0486258278145695,0.1014043613765479,
1m,1024,1,4096,0.0001,40,-1,0.0025,20,2024-03-29_15-53-49,successful,0.0752317542990864,0.0238405039453065,0.0439155629139072,0.0955183282534785,
1m,1024,1,4096,0.001,40,-1,0.01,20,2024-03-29_15-58-28,successful,0.0741897947205107,0.0232148219718148,0.0444867549668874,0.0907636093879006,
1m,1024,1,4096,0.0001,40,-1,0.01,20,2024-03-29_16-03-07,successful,0.0548462694065927,0.0157205227412614,0.0343129139072847,0.0648196247934372,
1m,1024,1,10000,0.001,40,-1,0.0025,20,2024-03-29_16-07-46,successful,0.0839345871357485,0.0274860020690851,0.04966059602649,0.1037177680558152,
1m,1024,1,10000,0.0001,40,-1,0.0025,20,2024-03-29_16-11-10,successful,0.0799487287401833,0.0259983651695337,0.0461754966887417,0.1012790630816398,
1m,1024,1,10000,0.001,40,-1,0.01,20,2024-03-29_16-14-35,successful,0.0789694687138235,0.0254798484227514,0.0468294701986755,0.09693798218483,
1m,1024,1,10000,0.0001,40,-1,0.01,20,2024-03-29_16-17-59,successful,0.0644061716914601,0.0201668809679371,0.0377483443708609,0.0792862460355184,
1m,1024,1,50000,0.001,40,-1,0.0025,20,2024-03-29_16-21-22,successful,0.0852635369281596,0.0278029324037391,0.0504718543046357,0.1054238367400697,
1m,1024,1,50000,0.0001,40,-1,0.0025,20,2024-03-29_16-24-42,successful,0.0835314407189912,0.0271106938043572,0.0491804635761589,0.1053018548116234,
1m,1024,1,50000,0.001,40,-1,0.01,20,2024-03-29_16-28-01,successful,0.0832438178071907,0.0269737588759212,0.0494122516556291,0.1031074477335282,
1m,1024,1,50000,0.0001,40,-1,0.01,20,2024-03-29_16-31-20,successful,0.0774510838440973,0.0246726648927485,0.0453890728476821,0.0997448678135893,
1m,1024,2,4096,0.001,40,-1,0.0025,20,2024-03-29_16-34-40,successful,0.0847845676668121,0.0277900897948953,0.0504221854304635,0.1029246611059976,
1m,1024,2,4096,0.0001,40,-1,0.0025,20,2024-03-29_16-41-25,successful,0.0796420996836744,0.0256427956109088,0.0468377483443708,0.100238283681284,
1m,1024,2,4096,0.001,40,-1,0.01,20,2024-03-29_16-48-10,successful,0.0825200791834781,0.0267362284405551,0.0490811258278145,0.09951069927301,
1m,1024,2,4096,0.0001,40,-1,0.01,20,2024-03-29_16-54-55,successful,0.0686722086169947,0.0216061019075628,0.0401655629139072,0.0870046609296615,
1m,1024,2,10000,0.001,40,-1,0.0025,20,2024-03-29_17-01-41,successful,0.0857759884847373,0.0280385319958033,0.0512748344370861,0.1050442936106666,
1m,1024,2,10000,0.0001,40,-1,0.0025,20,2024-03-29_17-05-51,successful,0.0826603772605574,0.026970068355003,0.0485761589403973,0.1041168641692506,
1m,1024,2,10000,0.001,40,-1,0.01,20,2024-03-29_17-10-02,successful,0.0840009855520076,0.0277282675259501,0.0499751655629139,0.1016337492712588,
1m,1024,2,10000,0.0001,40,-1,0.01,20,2024-03-29_17-14-13,successful,0.074728670954513,0.0240628054045065,0.0433609271523178,0.0937334130382438,
1m,1024,2,50000,0.001,40,-1,0.0025,20,2024-03-29_17-18-23,successful,0.0850313598975825,0.0276434115066328,0.0514155629139072,0.1015022026571152,
1m,1024,2,50000,0.0001,40,-1,0.0025,20,2024-03-29_17-21-42,successful,0.0833646525589645,0.0272317668110242,0.0496854304635761,0.101855952321769,
1m,1024,2,50000,0.001,40,-1,0.01,20,2024-03-29_17-25-02,successful,0.0850765482065661,0.0275651364536626,0.0507947019867549,0.1048744620279693,
1m,1024,2,50000,0.0001,40,-1,0.01,20,2024-03-29_17-28-21,successful,0.0816270283324053,0.026348696215147,0.0477566225165562,0.1049292239411779,
1m,1024,3,4096,0.001,40,-1,0.0025,20,2024-03-29_17-31-40,successful,0.0854688315935204,0.0278446991676028,0.0515811258278145,0.1023105380749981,
1m,1024,3,4096,0.0001,40,-1,0.0025,20,2024-03-29_17-40-31,successful,0.0829685605650321,0.0269785918613527,0.0489900662251655,0.1036873612679466,
1m,1024,3,4096,0.001,40,-1,0.01,20,2024-03-29_17-49-22,successful,0.0841575526589694,0.027197907607283,0.0507119205298013,0.099939505420243,
1m,1024,3,4096,0.0001,40,-1,0.01,20,2024-03-29_17-58-12,successful,0.0767373869073092,0.0245971981251343,0.0447019867549668,0.0963303572623357,
1m,1024,3,10000,0.001,40,-1,0.0025,20,2024-03-29_18-07-03,successful,0.0852806312194499,0.0277269967424886,0.0515397350993377,0.1016724273922262,
1m,1024,3,10000,0.0001,40,-1,0.0025,20,2024-03-29_18-12-06,successful,0.0837936159070114,0.0274886490060856,0.0494619205298013,0.1038913372137776,
1m,1024,3,10000,0.001,40,-1,0.01,20,2024-03-29_18-17-08,successful,0.0852928531047494,0.0277453316063887,0.0513658940397351,0.1025977480606846,
1m,1024,3,10000,0.0001,40,-1,0.01,20,2024-03-29_18-22-10,successful,0.0798124250621848,0.0262247280736325,0.046274834437086,0.0987104416751368,
1m,1024,3,50000,0.001,40,-1,0.0025,20,2024-03-29_18-27-14,successful,0.0834345568987008,0.0264249232148447,0.0517549668874172,0.0968450391999872,
1m,1024,3,50000,0.0001,40,-1,0.0025,20,2024-03-29_18-30-27,successful,0.0832542953073159,0.0268399901999528,0.0505711920529801,0.0997426926653857,
1m,1024,3,50000,0.001,40,-1,0.01,20,2024-03-29_18-33-41,successful,0.0859436813654579,0.0277605422959114,0.051705298013245,0.1042801205901322,
1m,1024,3,50000,0.0001,40,-1,0.01,20,2024-03-29_18-36-55,successful,0.0830336850548451,0.0269059534479263,0.0490066225165562,0.104572966788455,
1m,1024,4,4096,0.001,40,-1,0.0025,20,2024-03-29_18-40-09,successful,0.0848819729153405,0.0271981572981985,0.0521274834437086,0.1001368659897394,
1m,1024,4,4096,0.0001,40,-1,0.0025,20,2024-03-29_18-51-03,successful,0.0843313512940661,0.0277281615086877,0.0495943708609271,0.1046705916659056,
1m,1024,4,4096,0.001,40,-1,0.01,20,2024-03-29_19-01-56,successful,0.0843415107040438,0.0268516777674128,0.0517135761589404,0.0992350921156628,
1m,1024,4,4096,0.0001,40,-1,0.01,20,2024-03-29_19-12-51,successful,0.0802113562891943,0.0260477081015181,0.0469950331125827,0.099580772902366,
1m,1024,4,10000,0.001,40,-1,0.0025,20,2024-03-29_19-23-45,successful,0.0842887441028142,0.0267650882279186,0.0520115894039735,0.0992833597137564,
1m,1024,4,10000,0.0001,40,-1,0.0025,20,2024-03-29_19-29-39,successful,0.0834578026156194,0.0272784371677269,0.0498592715231788,0.1016917129009983,
1m,1024,4,10000,0.001,40,-1,0.01,20,2024-03-29_19-35-33,successful,0.0850636027874472,0.0274533902763305,0.052069536423841,0.1000562636110359,
1m,1024,4,10000,0.0001,40,-1,0.01,20,2024-03-29_19-41-28,successful,0.0823284978941769,0.0269420623667521,0.0483609271523178,0.1017985438568001,
1m,1024,4,50000,0.001,40,-1,0.0025,20,2024-03-29_19-47-22,successful,0.0802017719065355,0.0246747557121404,0.0510678807947019,0.0912491784143603,
1m,1024,4,50000,0.0001,40,-1,0.0025,20,2024-03-29_19-50-42,successful,0.0820187877799804,0.0260357418946744,0.0507615894039735,0.0960123710747108,
1m,1024,4,50000,0.001,40,-1,0.01,20,2024-03-29_19-54-01,successful,0.085490810680022,0.0276066289459188,0.0522350993377483,0.0999781772021277,
1m,1024,4,50000,0.0001,40,-1,0.01,20,2024-03-29_19-57-20,successful,0.0840754420663326,0.0272529264361085,0.0497847682119205,0.1044173571429554,
1m,1024,3,50000,0.01,50,1,0.005,5,2024-04-01_09-37-00,failed,,,,,0.0
1m,1024,3,50000,0.01,40,1,0.005,5,2024-04-01_09-46-29,failed,,,,,0.0
1m,1024,3,50000,0.01,40,1,0.005,20,2024-04-01_09-52-11,failed,,,,,0.0
1m,1024,3,50000,0.001,40,1,0.01,20,2024-04-01_09-53-06,failed,,,,,0.0
1m,1024,3,50000,0.001,50,1,0.01,20,2024-04-01_10-10-49,failed,,,,,0.0
1m,1024,3,50000,0.001,100,1,0.01,20,2024-04-01_10-19-05,failed,,,,,0.0
1m,1024,4,50000,0.001,100,1,0.01,20,2024-04-01_10-35-20,failed,,,,,0.0
1m,1024,3,50000,0.001,100,1,0.01,20,2024-04-01_10-50-46,failed,,,,,0.0
1m,64,3,50000,0.001,100,1,0.01,20,2024-04-01_14-23-54,failed,,,,,0.0
1m,64,3,50000,0.0001,100,1,0.01,20,2024-04-01_14-57-48,failed,,,,,0.0
1m,1024,1,4096,0.001,4,-1,0.0025,20,2024-04-02_10-29-57,successful,0.0806917951371497,0.0257446494591599,0.0492880794701986,0.0977308617517392,
1m,1024,1,4096,0.001,3,-1,0.0025,20,2024-04-02_10-37-54,successful,0.0812574536262461,0.0259876190349871,0.0495033112582781,0.0952518185465624,
1m,1024,1,4096,0.001,3,-1,0.0025,20,2024-04-02_10-44-07,successful,0.0812574536262461,0.0259876190349871,0.0495033112582781,0.0952518185465624,
1m,1024,1,4096,0.001,3,-1,0.0025,20,2024-04-02_10-48-01,successful,0.0812574536262461,0.0259876190349871,0.0495033112582781,0.0952518185465624,
1m,1024,1,4096,0.001,3,-1,0.0025,20,2024-04-02_10-58-50,successful,0.0812574536262461,0.0259876190349871,0.0495033112582781,0.0952518185465624,
1m,1024,1,4096,0.001,3,-1,0.0025,20,2024-04-02_11-01-22,successful,0.0812574536262461,0.0259876190349871,0.0495033112582781,0.0952518185465624,
1m,1024,1,4096,0.001,3,-1,0.0025,20,2024-04-02_11-04-29,successful,0.0812574536262461,0.0259876190349871,0.0495033112582781,0.0952518185465624,
1m,1024,1,4096,0.001,3,1,0.0025,20,2024-04-02_11-05-55,successful,0.0812574536262461,0.0259876190349871,0.0495033112582781,0.0952518185465624,
1m,128,1,10000,0.0,2,1,0.005,5,2024-04-03_11-22-24,failed,,,,,0.0
1m,128,1,10000,0.0,2,1,0.005,5,2024-04-03_11-26-29,failed,,,,,0.0
1m,128,1,10000,0.0,2,1,0.005,5,2024-04-03_11-31-35,failed,,,,,0.0
1m,1024,4,4096,0.001,50,-1,0.0025,20,2024-04-03_11-40-07,successful,0.0856615059405115,0.0277442400726298,0.0523178807947019,0.1006871228651731,
1m,1024,4,4096,0.001,5,-1,0.0025,20,2024-04-03_13-34-54,successful,0.0766568823674745,0.0231540744782652,0.0493460264900662,0.0858814524012659,
1m,1024,4,4096,0.001,5,-1,0.0025,20,2024-04-03_13-58-39,successful,0.0766568823674745,0.0231540744782652,0.0493460264900662,0.0858814524012659,
1m,1024,4,4096,0.001,5,-1,0.0025,20,2024-04-03_14-58-03,successful,0.0766568823674745,0.0231540744782652,0.0493460264900662,0.0858814524012659,
1m,1024,3,50000,0.001,50,-1,0.01,20,2024-04-03_15-33-53,successful,0.0861896360284954,0.0282097726214676,0.0514652317880794,0.1045395358651242,
1m,1024,3,50000,0.001,100,-1,0.01,20,2024-04-03_16-04-29,successful,0.0871446474385836,0.0285661716869831,0.0523261589403973,0.1051392621190545,
1m,128,1,10000,0.0,2,1,0.005,20,2024-04-03_16-20-35,successful,0.0723179441560099,0.0217537100541395,0.0474089403973509,0.0783795511761905,
1m,512,1,4096,0.001,40,-1,0.0025,20,2024-04-03_17-15-31,successful,0.083465458540169,0.0274204257016834,0.0492632450331125,0.1029215114216379,
1m,64,1,4096,0.01,50,-1,0.0025,20,2024-04-03_17-28-06,successful,0.0830255194451579,0.0261707630676379,0.0519122516556291,0.0954559126229369,
1m,64,1,4096,0.001,50,-1,0.0025,20,2024-04-03_17-32-56,successful,0.0839415484500185,0.0276133099555974,0.0500496688741721,0.1021627671785563,
1m,64,1,4096,0.0001,50,-1,0.0025,20,2024-04-03_17-37-46,successful,0.0811934942761227,0.0267358128478963,0.0479221854304635,0.0991214653077378,
1m,64,1,4096,0.01,50,-1,0.01,20,2024-04-03_17-42-37,successful,0.0834047187648311,0.0265939317332674,0.0518625827814569,0.0958905957980933,
1m,64,1,4096,0.001,50,-1,0.01,20,2024-04-03_17-47-29,successful,0.0804435658483387,0.0264102407291953,0.0475993377483443,0.0982200283216739,
1m,64,1,4096,0.0001,50,-1,0.01,20,2024-04-03_17-52-20,successful,0.0701689759854385,0.0218491407511793,0.0421523178807947,0.0860711930471216,
1m,64,1,4096,0.01,50,-1,0.1,20,2024-04-03_17-57-12,successful,0.0767391186160123,0.0235471122258279,0.0489238410596026,0.0860761485077324,
1m,64,1,4096,0.001,50,-1,0.1,20,2024-04-03_18-02-07,successful,0.0579808924637855,0.0163897062034713,0.0377814569536423,0.066606888016732,
1m,64,1,4096,0.0001,50,-1,0.1,20,2024-04-03_18-06-57,successful,0.0575930537554684,0.0164973958755914,0.0361341059602649,0.0703597706731362,
1m,64,1,10000,0.01,50,-1,0.0025,20,2024-04-03_18-11-49,successful,0.0824603759598763,0.0259705518692244,0.051614238410596,0.0947512815612125,
1m,64,1,10000,0.001,50,-1,0.0025,20,2024-04-03_18-15-49,successful,0.0831280558165101,0.0271395170686047,0.0499254966887417,0.1014653457153555,
1m,64,1,10000,0.0001,50,-1,0.0025,20,2024-04-03_18-19-51,successful,0.0813557721023958,0.0263569248329523,0.0487086092715231,0.1007254886503735,
1m,64,1,10000,0.01,50,-1,0.01,20,2024-04-03_18-23-51,successful,0.082728372735582,0.0261049119053485,0.0517632450331125,0.0959111842017804,
1m,64,1,10000,0.001,50,-1,0.01,20,2024-04-03_18-27-51,successful,0.0805465609723812,0.0260578500793768,0.0477483443708609,0.1004036765052871,
1m,64,1,10000,0.0001,50,-1,0.01,20,2024-04-03_18-31-52,successful,0.0721753196253297,0.0223505300908728,0.0436092715231788,0.0888170218218462,
1m,64,1,10000,0.01,50,-1,0.1,20,2024-04-03_18-35-52,successful,0.0795212858368597,0.0246705194112484,0.0499586092715231,0.0905091668656285,
1m,64,1,10000,0.001,50,-1,0.1,20,2024-04-03_18-39-53,successful,0.0640062256584517,0.0188134636726301,0.0398178807947019,0.0756298698028817,
1m,64,1,10000,0.0001,50,-1,0.1,20,2024-04-03_18-43-55,successful,0.0564251997289215,0.0163236859163896,0.0353973509933774,0.0683596470363565,
1m,64,1,50000,0.01,50,-1,0.0025,20,2024-04-03_18-47-55,successful,0.0788467419642461,0.0239756623953266,0.0506870860927152,0.0887729498435346,
1m,64,1,50000,0.001,50,-1,0.0025,20,2024-04-03_18-51-40,successful,0.0808628491394767,0.0252888769800397,0.050364238410596,0.0941799778404353,
1m,64,1,50000,0.0001,50,-1,0.0025,20,2024-04-03_18-55-27,successful,0.0808725633152691,0.0255221928510027,0.0499420529801324,0.0946138709449123,
1m,64,1,50000,0.01,50,-1,0.01,20,2024-04-03_18-59-13,successful,0.0835991708510867,0.0265090352563786,0.0521771523178808,0.0963846950529952,
1m,64,1,50000,0.001,50,-1,0.01,20,2024-04-03_19-02-58,successful,0.0848637277036444,0.0282787395693718,0.0497847682119205,0.1035738720260028,
1m,64,1,50000,0.0001,50,-1,0.01,20,2024-04-03_19-06-47,successful,0.0818967301391815,0.0271061781783578,0.0476903973509933,0.1008455648492807,
1m,64,1,50000,0.01,50,-1,0.1,20,2024-04-03_19-10-36,successful,0.0812864121511153,0.025565610082701,0.0508609271523178,0.093407845942433,
1m,64,1,50000,0.001,50,-1,0.1,20,2024-04-03_19-14-25,successful,0.073969486924776,0.0235878678547781,0.0439238410596026,0.090544123205491,
1m,64,1,50000,0.0001,50,-1,0.1,20,2024-04-03_19-18-15,successful,0.0629798994241876,0.0194751272565777,0.038319536423841,0.0743878122801207,
1m,64,2,4096,0.01,50,-1,0.0025,20,2024-04-03_19-22-03,successful,0.0784291362236588,0.0238310239068998,0.0511423841059602,0.0867089422198012,
1m,64,2,4096,0.001,50,-1,0.0025,20,2024-04-03_19-27-51,successful,0.0843995959811525,0.0273036934657679,0.0509850993377483,0.1018382864193472,
1m,64,2,4096,0.0001,50,-1,0.0025,20,2024-04-03_19-33-39,successful,0.0817297845298053,0.0267028858925285,0.0488824503311258,0.0990723453350672,
1m,64,2,4096,0.01,50,-1,0.01,20,2024-04-03_19-39-28,successful,0.078920529823485,0.0240168475388784,0.0512831125827814,0.087608799201287,
1m,64,2,4096,0.001,50,-1,0.01,20,2024-04-03_19-45-15,successful,0.0857943514759191,0.0283970351797747,0.0506043046357615,0.1044754268682939,
1m,64,2,4096,0.0001,50,-1,0.01,20,2024-04-03_19-51-04,successful,0.077222242990815,0.0246088268000529,0.0458692052980132,0.0949523562887343,
1m,64,2,4096,0.01,50,-1,0.1,20,2024-04-03_19-56-54,successful,0.0774154892356156,0.0233556700113953,0.0504304635761589,0.0861035039529786,
1m,64,2,4096,0.001,50,-1,0.1,20,2024-04-03_20-02-40,successful,0.0720521559225436,0.0223966348012262,0.0437665562913907,0.0847071591672816,
1m,64,2,4096,0.0001,50,-1,0.1,20,2024-04-03_20-08-29,successful,0.0587189562420913,0.0172317995161655,0.036978476821192,0.0693243939800033,
1m,64,2,10000,0.01,50,-1,0.0025,20,2024-04-03_20-14-20,successful,0.0775823034001796,0.023448825653292,0.0504635761589404,0.0861451963211522,
1m,64,2,10000,0.001,50,-1,0.0025,20,2024-04-03_20-18-43,successful,0.0836230184398911,0.0270139913529954,0.0508857615894039,0.0991216008359941,
1m,64,2,10000,0.0001,50,-1,0.0025,20,2024-04-03_20-23-10,successful,0.0815707621128017,0.0265460826149495,0.0491390728476821,0.0981250787783497,
1m,64,2,10000,0.01,50,-1,0.01,20,2024-04-03_20-27-34,successful,0.0785536390811126,0.0238105701282664,0.0509354304635761,0.0876701747308318,
1m,64,2,10000,0.001,50,-1,0.01,20,2024-04-03_20-31-57,successful,0.0843436505041516,0.0276750602233207,0.0501490066225165,0.102588601398294,
1m,64,2,10000,0.0001,50,-1,0.01,20,2024-04-03_20-36-21,successful,0.0777024798002254,0.0246153970962615,0.0465314569536423,0.096638029873335,
1m,64,2,10000,0.01,50,-1,0.1,20,2024-04-03_20-40-45,successful,0.077894979083187,0.0235527247548068,0.0507201986754967,0.0863222560007866,
1m,64,2,10000,0.001,50,-1,0.1,20,2024-04-03_20-45-09,successful,0.0776247633940421,0.0244644330932186,0.0467632450331125,0.0954409611610896,
1m,64,2,10000,0.0001,50,-1,0.1,20,2024-04-03_20-49-33,successful,0.0591383085705412,0.0174346427112237,0.0369370860927152,0.0704244622630625,
1m,64,2,50000,0.01,50,-1,0.0025,20,2024-04-03_20-54-04,successful,0.0735445872103547,0.0218281043307703,0.0488162251655629,0.0792536097502385,
1m,64,2,50000,0.001,50,-1,0.0025,20,2024-04-03_20-57-55,successful,0.0764976666222505,0.0229602887067909,0.0492715231788079,0.0859474947995114,
1m,64,2,50000,0.0001,50,-1,0.0025,20,2024-04-03_21-01-45,successful,0.0772202415189435,0.0234063216224769,0.0493791390728476,0.0868468348340498,
1m,64,2,50000,0.01,50,-1,0.01,20,2024-04-03_21-05-35,successful,0.0788885169898682,0.0238518984658713,0.0512913907284768,0.0881257112745673,
1m,64,2,50000,0.001,50,-1,0.01,20,2024-04-03_21-09-26,successful,0.084870158583491,0.0274935953025455,0.05125,0.102439989458279,
1m,64,2,50000,0.0001,50,-1,0.01,20,2024-04-03_21-13-18,successful,0.0820508896497204,0.0265613818839534,0.0491556291390728,0.100879537730321,
1m,64,2,50000,0.01,50,-1,0.1,20,2024-04-03_21-17-10,successful,0.0782944238352773,0.0236519292253609,0.0508940397350993,0.0873770628209683,
1m,64,2,50000,0.001,50,-1,0.1,20,2024-04-03_21-21-02,successful,0.0814533373177972,0.0266185875647823,0.0483940397350993,0.0992031950816504,
1m,64,2,50000,0.0001,50,-1,0.1,20,2024-04-03_21-24-54,successful,0.0677711828174645,0.0207520514544066,0.0408609271523178,0.0814422553687063,
1m,64,3,4096,0.01,50,-1,0.0025,20,2024-04-03_21-28-47,successful,0.0734547402444767,0.0219069972622982,0.0487665562913907,0.078719632446168,
1m,64,3,4096,0.001,50,-1,0.0025,20,2024-04-03_21-35-02,successful,0.0837380392761269,0.026591501090383,0.0517218543046357,0.097660307990443,
1m,64,3,4096,0.0001,50,-1,0.0025,20,2024-04-03_21-41-12,successful,0.0822149007115984,0.026630740206111,0.0496109271523178,0.0993647864547477,
1m,64,3,4096,0.01,50,-1,0.01,20,2024-04-03_21-47-23,successful,0.0744054664775466,0.0222251786750038,0.0492880794701986,0.0804723974969563,
1m,64,3,4096,0.001,50,-1,0.01,20,2024-04-03_21-53-32,successful,0.0864269274119932,0.0284269425749997,0.0518543046357616,0.1028535368233019,
1m,64,3,4096,0.0001,50,-1,0.01,20,2024-04-03_21-59-43,successful,0.0814173557572506,0.026511164135565,0.0483112582781457,0.0995724776997113,
1m,64,3,4096,0.01,50,-1,0.1,20,2024-04-03_22-05-58,successful,0.0739658101941286,0.0220473503858447,0.0490728476821192,0.0797721159296804,
1m,64,3,4096,0.001,50,-1,0.1,20,2024-04-03_22-12-07,successful,0.0811460992189552,0.0260935453837231,0.0492880794701986,0.094283729632829,
1m,64,3,4096,0.0001,50,-1,0.1,20,2024-04-03_22-18-20,successful,0.0625730812542307,0.0184779379191989,0.0389072847682119,0.0733609794602675,
1m,64,3,10000,0.01,50,-1,0.0025,20,2024-04-03_22-24-32,successful,0.0734013132129176,0.0219212552046857,0.0487251655629139,0.0781749101890219,
1m,64,3,10000,0.001,50,-1,0.0025,20,2024-04-03_22-29-20,successful,0.081780414698106,0.0256043710928162,0.0512417218543046,0.0936406742792609,
1m,64,3,10000,0.0001,50,-1,0.0025,20,2024-04-03_22-34-08,successful,0.0817813314636066,0.0261721257743686,0.0502649006622516,0.0962659686949942,
1m,64,3,10000,0.01,50,-1,0.01,20,2024-04-03_22-38-56,successful,0.0745916028961374,0.0223692370119014,0.0494039735099337,0.0799960351736683,
1m,64,3,10000,0.001,50,-1,0.01,20,2024-04-03_22-43-42,successful,0.0843610439359046,0.0273680276973428,0.0510844370860927,0.1010062770520182,
1m,64,3,10000,0.0001,50,-1,0.01,20,2024-04-03_22-48-32,successful,0.0806387842623216,0.0259852158629623,0.0480132450331125,0.0990812804521735,
1m,64,3,10000,0.01,50,-1,0.1,20,2024-04-03_22-53-22,successful,0.0737627140445336,0.0219393031150729,0.049114238410596,0.0790528857442927,
1m,64,3,10000,0.001,50,-1,0.1,20,2024-04-03_22-58-09,successful,0.0828663661339847,0.0266294319883151,0.0501241721854304,0.0989635127714013,
1m,64,3,10000,0.0001,50,-1,0.1,20,2024-04-03_23-03-01,successful,0.0670378133918853,0.0204960921738792,0.0409188741721854,0.0803423448666093,
1m,64,3,50000,0.01,50,-1,0.0025,20,2024-04-03_23-07-52,successful,0.0667913195986098,0.0190066619366094,0.0457781456953642,0.0705756679019787,
1m,64,3,50000,0.001,50,-1,0.0025,20,2024-04-03_23-11-49,successful,0.0716573318289784,0.0211456545959643,0.0478311258278145,0.0774370645046027,
1m,64,3,50000,0.0001,50,-1,0.0025,20,2024-04-03_23-15-49,successful,0.071932102114597,0.0214022679892495,0.0474420529801324,0.0780542940632841,
1m,64,3,50000,0.01,50,-1,0.01,20,2024-04-03_23-19-43,successful,0.0735310600670341,0.0218967907075375,0.0487831125827814,0.078419406103863,
1m,64,3,50000,0.001,50,-1,0.01,20,2024-04-03_23-23-41,successful,0.0840367206754661,0.0266657613363017,0.0519701986754966,0.0983298793568685,
1m,64,3,50000,0.0001,50,-1,0.01,20,2024-04-03_23-27-38,successful,0.0829508287484456,0.0268692550215386,0.0501738410596026,0.1001328898791292,
1m,64,3,50000,0.01,50,-1,0.1,20,2024-04-03_23-31-36,successful,0.073988503322337,0.0220786253714043,0.0488990066225165,0.0793674674161853,
1m,64,3,50000,0.001,50,-1,0.1,20,2024-04-03_23-35-31,successful,0.0847242073747999,0.0276707077903587,0.0508692052980132,0.1016247079905035,
1m,64,3,50000,0.0001,50,-1,0.1,20,2024-04-03_23-39-29,successful,0.0739536817712193,0.0235176648117531,0.043841059602649,0.0906919136771501,
1m,64,4,4096,0.01,50,-1,0.0025,20,2024-04-03_23-43-28,successful,0.0703053996825961,0.020684757305928,0.0474254966887417,0.0740131985880535,
1m,64,4,4096,0.001,50,-1,0.0025,20,2024-04-03_23-49-42,successful,0.0816646951803326,0.025352525272023,0.0515149006622516,0.0925373440755607,
1m,64,4,4096,0.0001,50,-1,0.0025,20,2024-04-03_23-55-55,successful,0.0828567150697565,0.0265423835939024,0.0506788079470198,0.0982851200760673,
1m,64,4,4096,0.01,50,-1,0.01,20,2024-04-04_00-02-11,successful,0.0704157945445599,0.0206548549284199,0.0475331125827814,0.0743706444819019,
1m,64,4,4096,0.001,50,-1,0.01,20,2024-04-04_00-08-25,successful,0.0851977219940264,0.0275991871307125,0.0522102649006622,0.0994356097858194,
1m,64,4,4096,0.0001,50,-1,0.01,20,2024-04-04_00-14-38,successful,0.0836277362848017,0.027825853838195,0.0490066225165562,0.1008897909325063,
1m,64,4,4096,0.01,50,-1,0.1,20,2024-04-04_00-20-22,successful,0.0703915621626973,0.0206717027000195,0.0474751655629139,0.0746501997809454,
1m,64,4,4096,0.001,50,-1,0.1,20,2024-04-04_00-26-34,successful,0.0831911596003114,0.0266252582747228,0.0510678807947019,0.0960410174198708,
1m,64,4,4096,0.0001,50,-1,0.1,20,2024-04-04_00-32-49,successful,0.069506685435001,0.0216731074454875,0.0420364238410596,0.0812727571007055,
1m,64,4,10000,0.01,50,-1,0.0025,20,2024-04-04_00-39-04,successful,0.0699486889907915,0.0205686683140984,0.0470281456953642,0.073649048643657,
1m,64,4,10000,0.001,50,-1,0.0025,20,2024-04-04_00-44-17,successful,0.0787128413324885,0.0240861493655918,0.0506456953642384,0.0879087471112554,
1m,64,4,10000,0.0001,50,-1,0.0025,20,2024-04-04_00-49-27,successful,0.0795327395204394,0.0250197769414745,0.0496357615894039,0.0907139621823397,
1m,64,4,10000,0.01,50,-1,0.01,20,2024-04-04_00-54-40,successful,0.0702099452967678,0.0205685127191135,0.0472682119205298,0.0741113168408118,
1m,64,4,10000,0.001,50,-1,0.01,20,2024-04-04_00-59-51,successful,0.0840527344895662,0.0268773768118255,0.0519867549668874,0.0986003553543102,
1m,64,4,10000,0.0001,50,-1,0.01,20,2024-04-04_01-05-03,successful,0.0819123393962811,0.0264988750899986,0.0489817880794702,0.1004981326744158,
1m,64,4,10000,0.01,50,-1,0.1,20,2024-04-04_01-10-16,successful,0.0700852652561506,0.0205403659130712,0.0473013245033112,0.0738794072317349,
1m,64,4,10000,0.001,50,-1,0.1,20,2024-04-04_01-15-29,successful,0.08357948096059,0.0267394325716805,0.051432119205298,0.0984376938469515,
1m,64,4,10000,0.0001,50,-1,0.1,20,2024-04-04_01-20-41,successful,0.0710328556190584,0.0220745582264018,0.0429470198675496,0.0858047602499773,
1m,64,4,50000,0.01,50,-1,0.0025,20,2024-04-04_01-25-53,successful,0.0633230400624839,0.0180248544520676,0.0435347682119205,0.0665432876201423,
1m,64,4,50000,0.001,50,-1,0.0025,20,2024-04-04_01-29-55,successful,0.0665123730670341,0.0189224423064852,0.0456788079470198,0.0704433609038585,
1m,64,4,50000,0.0001,50,-1,0.0025,20,2024-04-04_01-33-55,successful,0.0671622272369897,0.0190805592632161,0.0461920529801324,0.0716580774289145,
1m,64,4,50000,0.01,50,-1,0.01,20,2024-04-04_01-37-55,successful,0.0697972339180867,0.0205668904608879,0.0470281456953642,0.0733220908404067,
1m,64,4,50000,0.001,50,-1,0.01,20,2024-04-04_01-41-57,successful,0.0813239383246594,0.0251908761532449,0.0516970198675496,0.0922395849041691,
1m,64,4,50000,0.0001,50,-1,0.01,20,2024-04-04_01-45-59,successful,0.0824676547306658,0.0263638119598471,0.0505049668874172,0.0970942607741367,
1m,64,4,50000,0.01,50,-1,0.1,20,2024-04-04_01-50-01,successful,0.0700596811459572,0.0206601357222744,0.0470529801324503,0.0737749403391758,
1m,64,4,50000,0.001,50,-1,0.1,20,2024-04-04_01-54-02,successful,0.0853922717812714,0.027755726301749,0.0519701986754966,0.1009546084852797,
1m,64,4,50000,0.0001,50,-1,0.1,20,2024-04-04_01-58-09,successful,0.0787964512683697,0.0259814461087261,0.0462334437086092,0.0964708079662057,
1m,512,1,4096,0.01,50,-1,0.0025,20,2024-04-04_02-02-11,successful,0.0834494594304686,0.0265490092326836,0.0520115894039735,0.0960737427129729,
1m,512,1,4096,0.001,50,-1,0.0025,20,2024-04-04_02-07-27,successful,0.0849068611948296,0.0281039321849102,0.0497930463576158,0.1047911603593477,
1m,512,1,4096,0.0001,50,-1,0.0025,20,2024-04-04_02-12-42,successful,0.0765827594701022,0.024790095422685,0.0443543046357615,0.0958885103686047,
1m,512,1,4096,0.01,50,-1,0.01,20,2024-04-04_02-17-55,successful,0.08307852322973,0.0262503007416445,0.0519288079470198,0.0956203937125049,
1m,512,1,4096,0.001,50,-1,0.01,20,2024-04-04_02-23-10,successful,0.0785014520375251,0.0254970405195877,0.0463327814569536,0.0953007210481576,
1m,512,1,4096,0.0001,50,-1,0.01,20,2024-04-04_02-28-25,successful,0.0576295590161917,0.016718702442241,0.0354635761589404,0.0710946740233322,
1m,512,1,4096,0.01,50,-1,0.1,20,2024-04-04_02-33-40,successful,0.0480364604608796,0.0128869614260561,0.0326241721854304,0.0548860584732086,
1m,512,1,4096,0.001,50,-1,0.1,20,2024-04-04_02-38-57,successful,0.0524284672535203,0.0147572055799687,0.0339983443708609,0.0615628864765713,
1m,512,1,4096,0.0001,50,-1,0.1,20,2024-04-04_02-44-17,successful,0.0521211789178268,0.0140108408260153,0.0335430463576158,0.0622403020085843,
1m,512,1,10000,0.01,50,-1,0.0025,20,2024-04-04_02-49-37,successful,0.0829949812638852,0.0261754830651289,0.0518791390728476,0.0965803338863314,
1m,512,1,10000,0.001,50,-1,0.0025,20,2024-04-04_02-54-07,successful,0.0847103995882865,0.0278372938617186,0.0499586092715231,0.1057467688711408,
1m,512,1,10000,0.0001,50,-1,0.0025,20,2024-04-04_02-58-36,successful,0.0797629290064717,0.0257324918522026,0.0464817880794702,0.1026300314748375,
1m,512,1,10000,0.01,50,-1,0.01,20,2024-04-04_03-03-09,successful,0.0821476242445734,0.0259413193362442,0.0511341059602649,0.0952275936296241,
1m,512,1,10000,0.001,50,-1,0.01,20,2024-04-04_03-07-40,successful,0.080293261525446,0.0260840546417423,0.0476158940397351,0.0990430051730479,
1m,512,1,10000,0.0001,50,-1,0.01,20,2024-04-04_03-12-13,successful,0.0669262035792108,0.0210468927036759,0.0393460264900662,0.0844363768336639,
1m,512,1,10000,0.01,50,-1,0.1,20,2024-04-04_03-16-42,successful,0.0767249767868743,0.0234066417369461,0.048592715231788,0.0862312295852996,
1m,512,1,10000,0.001,50,-1,0.1,20,2024-04-04_03-21-12,successful,0.053265624604714,0.0148180784855583,0.0344370860927152,0.0617903714185546,
1m,512,1,10000,0.0001,50,-1,0.1,20,2024-04-04_03-25-42,successful,0.0523940613346945,0.0146733832306481,0.0333692052980132,0.0608269884713714,
1m,512,1,50000,0.01,50,-1,0.0025,20,2024-04-04_03-30-14,successful,0.0831713532954061,0.026137710666781,0.05216059602649,0.0958024905502657,
1m,512,1,50000,0.001,50,-1,0.0025,20,2024-04-04_03-35-03,successful,0.085951863934763,0.0283322814731312,0.0506291390728477,0.107059641066521,
1m,512,1,50000,0.0001,50,-1,0.0025,20,2024-04-04_03-39-36,successful,0.0842813068480729,0.027765277166452,0.0493129139072847,0.1062503163031428,
1m,512,1,50000,0.01,50,-1,0.01,20,2024-04-04_03-44-18,successful,0.0826686256939993,0.0262909672766458,0.0516390728476821,0.0947598377117643,
1m,512,1,50000,0.001,50,-1,0.01,20,2024-04-04_03-50-02,successful,0.0844681231728564,0.0277457315403385,0.0497019867549668,0.105412929621154,
1m,512,1,50000,0.0001,50,-1,0.01,20,2024-04-04_03-54-43,successful,0.0779182735177081,0.0251942531334538,0.0451158940397351,0.0998709026612865,
1m,512,1,50000,0.01,50,-1,0.1,20,2024-04-04_03-59-23,successful,0.0806096416792603,0.0252856663299275,0.0505380794701986,0.0919376027511952,
1m,512,1,50000,0.001,50,-1,0.1,20,2024-04-04_04-04-06,successful,0.0687734825500774,0.0218381829776576,0.041092715231788,0.0827666453276239,
1m,512,1,50000,0.0001,50,-1,0.1,20,2024-04-04_04-08-45,successful,0.0525845432230837,0.0148726659669198,0.0328476821192053,0.0625499024535223,
1m,512,2,4096,0.01,50,-1,0.0025,20,2024-04-04_04-13-18,successful,0.0788914383145766,0.0240199630722603,0.0512417218543046,0.0874193854001516,
1m,512,2,4096,0.001,50,-1,0.0025,20,2024-04-04_04-19-37,successful,0.0865484115278867,0.0284925516509669,0.0514155629139072,0.105515878576553,
1m,512,2,4096,0.0001,50,-1,0.0025,20,2024-04-04_04-25-56,successful,0.0827987751464809,0.0273830410733763,0.0481043046357616,0.1031470793453228,
1m,512,2,4096,0.01,50,-1,0.01,20,2024-04-04_04-32-16,successful,0.0784029643851626,0.0238285815131224,0.0509850993377483,0.0869106599499945,
1m,512,2,4096,0.001,50,-1,0.01,20,2024-04-04_04-38-34,successful,0.0846242424981938,0.0280989102214667,0.0500745033112582,0.1010857998389695,
1m,512,2,4096,0.0001,50,-1,0.01,20,2024-04-04_04-44-53,successful,0.0736414827551458,0.0241502965658562,0.0419205298013245,0.0915937343656095,
1m,512,2,4096,0.01,50,-1,0.1,20,2024-04-04_04-51-12,successful,0.0771538936192683,0.0232293554889547,0.0502649006622516,0.0856686541064746,
1m,512,2,4096,0.001,50,-1,0.1,20,2024-04-04_04-57-30,successful,0.0563588683835112,0.0159337412518641,0.0360513245033112,0.0669911754010759,
1m,512,2,4096,0.0001,50,-1,0.1,20,2024-04-04_05-03-50,successful,0.0535165301384165,0.0152174768395288,0.0340645695364238,0.0636090492681347,
1m,512,2,10000,0.01,50,-1,0.0025,20,2024-04-04_05-10-09,successful,0.0785656940323673,0.0238911013718084,0.0509437086092715,0.0875613238478102,
1m,512,2,10000,0.001,50,-1,0.0025,20,2024-04-04_05-14-57,successful,0.0857090273050648,0.0281100055106837,0.0512168874172185,0.1053221414804556,
1m,512,2,10000,0.0001,50,-1,0.0025,20,2024-04-04_05-19-46,successful,0.0825213407524378,0.0271673792156223,0.0481622516556291,0.1037553252370269,
1m,512,2,10000,0.01,50,-1,0.01,20,2024-04-04_05-24-37,successful,0.0782954647806642,0.0236740164034198,0.0509768211920529,0.0874246364314809,
1m,512,2,10000,0.001,50,-1,0.01,20,2024-04-04_05-29-26,successful,0.0846260692477344,0.0277203348821045,0.050455298013245,0.1045531416813499,
1m,512,2,10000,0.0001,50,-1,0.01,20,2024-04-04_05-34-15,successful,0.0751461794003374,0.0239353486150192,0.0438162251655629,0.09555851012708,
1m,512,2,10000,0.01,50,-1,0.1,20,2024-04-04_05-39-07,successful,0.0773871709114427,0.0232503500954412,0.0506125827814569,0.0858456036704676,
1m,512,2,10000,0.001,50,-1,0.1,20,2024-04-04_05-43-57,successful,0.061998885031613,0.0185044087506165,0.0380380794701986,0.0743149589341142,
1m,512,2,10000,0.0001,50,-1,0.1,20,2024-04-04_05-48-46,successful,0.0530264528762872,0.0148044631037041,0.0338079470198675,0.0615576017125151,
1m,512,2,50000,0.01,50,-1,0.0025,20,2024-04-04_05-53-36,successful,0.0785639868677743,0.0237151725595641,0.051092715231788,0.0878809190403073,
1m,512,2,50000,0.001,50,-1,0.0025,20,2024-04-04_05-57-49,successful,0.0849597774169234,0.0274466344167968,0.0514403973509933,0.1021749070186532,
1m,512,2,50000,0.0001,50,-1,0.0025,20,2024-04-04_06-02-02,successful,0.0833697052358273,0.0271122002683286,0.0497930463576158,0.1025903606873549,
1m,512,2,50000,0.01,50,-1,0.01,20,2024-04-04_06-06-16,successful,0.0787195119858314,0.0238486473619846,0.0512665562913907,0.0876812149950536,
1m,512,2,50000,0.001,50,-1,0.01,20,2024-04-04_06-10-28,successful,0.0870409058248041,0.0287869250399529,0.0512086092715231,0.1077774987231368,
1m,512,2,50000,0.0001,50,-1,0.01,20,2024-04-04_06-14-41,successful,0.0825159169217515,0.0271084938022521,0.0481539735099337,0.1040091360986042,
1m,512,2,50000,0.01,50,-1,0.1,20,2024-04-04_06-18-54,successful,0.0781247838086626,0.023622588082385,0.0509271523178808,0.0865855903189628,
1m,512,2,50000,0.001,50,-1,0.1,20,2024-04-04_06-23-09,successful,0.0816348059372755,0.0262734081402483,0.0486672185430463,0.0997674603424482,
1m,512,2,50000,0.0001,50,-1,0.1,20,2024-04-04_06-27-23,successful,0.0567311740678057,0.0171352693868043,0.0346688741721854,0.0676401463370468,
1m,512,3,4096,0.01,50,-1,0.0025,20,2024-04-04_06-31-37,successful,0.0745238799636307,0.022245237433929,0.0493543046357615,0.0807701335555812,
1m,512,3,4096,0.001,50,-1,0.0025,20,2024-04-04_06-39-15,successful,0.0861150708630661,0.028047187519528,0.0519536423841059,0.1028801702928445,
1m,512,3,4096,0.0001,50,-1,0.0025,20,2024-04-04_06-46-49,successful,0.0852746252065469,0.02857116617952,0.049478476821192,0.1055710105376503,
1m,512,3,4096,0.01,50,-1,0.01,20,2024-04-04_06-54-22,successful,0.0742297935808005,0.0221733505418967,0.0492715231788079,0.0800883325162649,
1m,512,3,4096,0.001,50,-1,0.01,20,2024-04-04_07-01-56,successful,0.0859708657219301,0.0281325651245116,0.0518129139072847,0.1017432025428566,
1m,512,3,4096,0.0001,50,-1,0.01,20,2024-04-04_07-09-36,successful,0.0785941655121788,0.0259147741836786,0.0453311258278145,0.0971522358991061,
1m,512,3,4096,0.01,50,-1,0.1,20,2024-04-04_07-17-16,successful,0.0738789232139672,0.0220815911810974,0.0491307947019867,0.0793445933920226,
1m,512,3,4096,0.001,50,-1,0.1,20,2024-04-04_07-24-49,successful,0.0738063557391694,0.022478893061447,0.0461258278145695,0.0870432421896629,
1m,512,3,4096,0.0001,50,-1,0.1,20,2024-04-04_07-32-26,successful,0.055118812362274,0.0155630812302998,0.0349668874172185,0.0648943096143394,
1m,512,3,10000,0.01,50,-1,0.0025,20,2024-04-04_07-40-03,successful,0.0744514019601393,0.0222881642479543,0.0493377483443708,0.0798822203001431,
1m,512,3,10000,0.001,50,-1,0.0025,20,2024-04-04_07-45-11,successful,0.0852733413751237,0.0277462399563682,0.0515149006622516,0.1024556952163593,
1m,512,3,10000,0.0001,50,-1,0.0025,20,2024-04-04_07-50-18,successful,0.0832489259732452,0.0273646404975216,0.0491307947019867,0.1033733828041601,
1m,512,3,10000,0.01,50,-1,0.01,20,2024-04-04_07-55-26,successful,0.0742016281342046,0.0221488913618158,0.0493129139072847,0.0796247059893667,
1m,512,3,10000,0.001,50,-1,0.01,20,2024-04-04_08-00-32,successful,0.0858978756415024,0.0279292686117028,0.0517715231788079,0.1039480237976703,
1m,512,3,10000,0.0001,50,-1,0.01,20,2024-04-04_08-05-39,successful,0.0796079874590118,0.025836477175676,0.0468046357615894,0.1001657708423325,
1m,512,3,10000,0.01,50,-1,0.1,20,2024-04-04_08-10-45,successful,0.0738427740515926,0.0220778593536783,0.0489817880794702,0.0789147760111296,
1m,512,3,10000,0.001,50,-1,0.1,20,2024-04-04_08-15-50,successful,0.0805856299762779,0.0256319733634207,0.0488907284768212,0.0956831591462958,
1m,512,3,10000,0.0001,50,-1,0.1,20,2024-04-04_08-20-59,successful,0.0539846471222969,0.015317643628524,0.0340645695364238,0.0648277872186069,
1m,512,3,50000,0.01,50,-1,0.0025,20,2024-04-04_08-26-06,successful,0.0733607113156313,0.0219003097495538,0.0486920529801324,0.0780734030487606,
1m,512,3,50000,0.001,50,-1,0.0025,20,2024-04-04_08-30-28,successful,0.0825366870832932,0.0258961825455479,0.0514983443708609,0.095457334695813,
1m,512,3,50000,0.0001,50,-1,0.0025,20,2024-04-04_08-34-50,successful,0.0833502433122943,0.0268839483631706,0.0506953642384106,0.0991341455745531,
1m,512,3,50000,0.01,50,-1,0.01,20,2024-04-04_08-39-12,successful,0.0740033450946323,0.0221862725460598,0.0488162251655629,0.079122198232886,
1m,512,3,50000,0.001,50,-1,0.01,20,2024-04-04_08-43-30,successful,0.0862693746645915,0.028186637441178,0.0517715231788079,0.1042370105448938,
1m,512,3,50000,0.0001,50,-1,0.01,20,2024-04-04_08-47-51,successful,0.0847375237543104,0.0278827688301117,0.0492798013245033,0.1064475874129119,
1m,512,3,50000,0.01,50,-1,0.1,20,2024-04-04_08-52-11,successful,0.0740712481589079,0.0222190786750468,0.0489238410596026,0.0792260974336007,
1m,512,3,50000,0.001,50,-1,0.1,20,2024-04-04_08-56-33,successful,0.0843757036999816,0.0273763004873437,0.0507864238410596,0.1018588961221568,
1m,512,3,50000,0.0001,50,-1,0.1,20,2024-04-04_09-00-57,successful,0.0695426344887604,0.0216643441287554,0.0412086092715231,0.0880540640504749,
1m,512,4,4096,0.01,50,-1,0.0025,20,2024-04-04_09-05-20,successful,0.0704107241397421,0.020648242932089,0.0475165562913907,0.0745721683711197,
1m,512,4,4096,0.001,50,-1,0.0025,20,2024-04-04_09-14-14,successful,0.0852740307920585,0.0276729099358777,0.0521357615894039,0.0993964811118834,
1m,512,4,4096,0.0001,50,-1,0.0025,20,2024-04-04_09-23-06,successful,0.0856711140334541,0.0285846470735171,0.0502152317880794,0.105284411160243,
1m,512,4,4096,0.01,50,-1,0.01,20,2024-04-04_09-32-01,successful,0.0701017022374917,0.0205608416176884,0.0473261589403973,0.0741047145914265,
1m,512,4,4096,0.001,50,-1,0.01,20,2024-04-04_09-40-55,successful,0.0856802945585728,0.0276916016722402,0.0523758278145695,0.100777161579515,
1m,512,4,4096,0.0001,50,-1,0.01,20,2024-04-04_09-49-50,successful,0.0824861907933565,0.02726058544645,0.0483609271523178,0.1016986128956185,
1m,512,4,4096,0.01,50,-1,0.1,20,2024-04-04_09-58-43,successful,0.0704797219857435,0.0206630255356436,0.0475745033112582,0.0747204374918594,
1m,512,4,4096,0.001,50,-1,0.1,20,2024-04-04_10-07-37,successful,0.0811601725525886,0.0257458357653473,0.0500331125827814,0.0932285046487107,
1m,512,4,4096,0.0001,50,-1,0.1,20,2024-04-04_10-16-30,successful,0.0584027196895136,0.0172824484887892,0.0364735099337748,0.0685793103252071,
1m,512,4,10000,0.01,50,-1,0.0025,20,2024-04-04_10-25-23,successful,0.0702007959224363,0.0205797831973006,0.0472019867549668,0.0740355712488145,
1m,512,4,10000,0.001,50,-1,0.0025,20,2024-04-04_10-31-01,successful,0.0839436579249542,0.0266728519218977,0.0520364238410596,0.0984146968309663,
1m,512,4,10000,0.0001,50,-1,0.0025,20,2024-04-04_10-36-39,successful,0.0830890627297218,0.0270502865315385,0.0496523178807947,0.1018012601764105,
1m,512,4,10000,0.01,50,-1,0.01,20,2024-04-04_10-42-20,successful,0.0701672193960369,0.0205957387946602,0.0472268211920529,0.0739683969801773,
1m,512,4,10000,0.001,50,-1,0.01,20,2024-04-04_10-47-57,successful,0.0850221319712482,0.0271847720282846,0.0523013245033112,0.1014137713141545,
1m,512,4,10000,0.0001,50,-1,0.01,20,2024-04-04_10-53-36,successful,0.0824728086828091,0.0271442392607151,0.0483029801324503,0.1032782334587947,
1m,512,4,10000,0.01,50,-1,0.1,20,2024-04-04_10-59-16,successful,0.0700270540609054,0.0204629734231409,0.0473675496688741,0.0741102829187993,
1m,512,4,10000,0.001,50,-1,0.1,20,2024-04-04_11-04-53,successful,0.0838153069414562,0.0268642769085173,0.0511920529801324,0.0990021334951286,
1m,512,4,10000,0.0001,50,-1,0.1,20,2024-04-04_11-10-32,successful,0.0631599921889671,0.0190883860716224,0.038567880794702,0.0756472604719312,
1m,512,4,50000,0.01,50,-1,0.0025,20,2024-04-04_11-16-13,successful,0.069762560905819,0.020565626048998,0.0469039735099337,0.0734494641712423,
1m,512,4,50000,0.001,50,-1,0.0025,20,2024-04-04_11-20-37,successful,0.0793458765985778,0.0242000365462977,0.0507367549668874,0.0899929211682102,
1m,512,4,50000,0.0001,50,-1,0.0025,20,2024-04-04_11-25-02,successful,0.0806523938597722,0.0253741805939287,0.0502814569536423,0.0933204600579669,
1m,512,4,50000,0.01,50,-1,0.01,20,2024-04-04_11-29-27,successful,0.069924981327073,0.020572297510747,0.0471440397350993,0.0738005071769089,
1m,512,4,50000,0.001,50,-1,0.01,20,2024-04-04_11-33-53,successful,0.0855716887326545,0.0274136990321191,0.0525331125827814,0.1012730118796511,
1m,512,4,50000,0.0001,50,-1,0.01,20,2024-04-04_11-38-19,successful,0.0850801051334151,0.0280932409061949,0.0498013245033112,0.1057163678084771,
1m,512,4,50000,0.01,50,-1,0.1,20,2024-04-04_11-42-46,successful,0.0701236945503658,0.0206040959876027,0.0472350993377483,0.0737954646281009,
1m,512,4,50000,0.001,50,-1,0.1,20,2024-04-04_11-47-16,successful,0.0848815897017367,0.0274194897375474,0.0518129139072847,0.0995580856147186,
1m,512,4,50000,0.0001,50,-1,0.1,20,2024-04-04_11-51-43,successful,0.0772391292722945,0.0252897446631228,0.0445529801324503,0.0959893320963902,
1m,1024,1,4096,0.01,50,-1,0.0025,20,2024-04-04_11-56-10,successful,0.0833585184444118,0.0266290866008278,0.051796357615894,0.095721412860925,
1m,1024,1,4096,0.001,50,-1,0.0025,20,2024-04-04_12-02-41,successful,0.0842271909779926,0.0280011294065932,0.049296357615894,0.1039151983599137,
1m,1024,1,4096,0.0001,50,-1,0.0025,20,2024-04-04_12-09-11,successful,0.0756230835929793,0.0246279639467509,0.0434023178807947,0.0952332377312285,
1m,1024,1,4096,0.01,50,-1,0.01,20,2024-04-04_12-15-42,successful,0.0827058485373143,0.0261981175892225,0.0516804635761589,0.0945575048399696,
1m,1024,1,4096,0.001,50,-1,0.01,20,2024-04-04_12-22-11,successful,0.0775612321073766,0.0250139229918089,0.0455877483443708,0.0947854144578724,
1m,1024,1,4096,0.0001,50,-1,0.01,20,2024-04-04_12-28-41,successful,0.0527962595583318,0.0148074219121247,0.0335596026490066,0.0623310153571023,
1m,1024,1,4096,0.01,50,-1,0.1,20,2024-04-04_12-35-11,successful,0.0773167183002201,0.0236551367027189,0.0493046357615894,0.0870559510142646,
1m,1024,1,4096,0.001,50,-1,0.1,20,2024-04-04_12-41-41,successful,0.0514765772745171,0.014091084901189,0.0334602649006622,0.0591321362459904,
1m,1024,1,4096,0.0001,50,-1,0.1,20,2024-04-04_12-48-11,successful,0.0507306484714554,0.0141035625255825,0.0324006622516556,0.0589869246721196,
1m,1024,1,10000,0.01,50,-1,0.0025,20,2024-04-04_12-54-42,successful,0.0831058514000871,0.0262789140316129,0.0519205298013245,0.0965993223771837,
1m,1024,1,10000,0.001,50,-1,0.0025,20,2024-04-04_12-59-33,successful,0.0846208216965413,0.0277569632687215,0.0499586092715231,0.1057469661809655,
1m,1024,1,10000,0.0001,50,-1,0.0025,20,2024-04-04_13-04-25,successful,0.0784998861570044,0.0254884342098288,0.0455298013245033,0.1002916794503046,
1m,1024,1,10000,0.01,50,-1,0.01,20,2024-04-04_13-09-17,successful,0.0824029275333109,0.0259931495956921,0.051523178807947,0.0954484018500436,
1m,1024,1,10000,0.001,50,-1,0.01,20,2024-04-04_13-14-09,successful,0.0791208305564601,0.0255331621124009,0.0469950331125827,0.0978342566002942,
1m,1024,1,10000,0.0001,50,-1,0.01,20,2024-04-04_13-19-08,successful,0.0639616806246585,0.019895875890729,0.037069536423841,0.0797082349502526,
1m,1024,1,10000,0.01,50,-1,0.1,20,2024-04-04_13-23-58,successful,0.0791095140829031,0.0244517378141794,0.0500662251655629,0.0890667552126729,
1m,1024,1,10000,0.001,50,-1,0.1,20,2024-04-04_13-28-49,successful,0.0529393685038886,0.014437960553872,0.0344039735099337,0.0623136208345641,
1m,1024,1,10000,0.0001,50,-1,0.1,20,2024-04-04_13-33-42,successful,0.0489474781909631,0.0133517658698437,0.0314403973509933,0.0573245911870962,
1m,1024,1,50000,0.01,50,-1,0.0025,20,2024-04-04_13-38-33,successful,0.0836055319040303,0.0265578499369735,0.0521523178807947,0.0962905325439663,
1m,1024,1,50000,0.001,50,-1,0.0025,20,2024-04-04_13-43-08,successful,0.0861150858363907,0.0283655639681855,0.0507036423841059,0.1071536555594986,
1m,1024,1,50000,0.0001,50,-1,0.0025,20,2024-04-04_13-47-42,successful,0.0844397551671933,0.0276130079021252,0.0496109271523178,0.107214910463417,
1m,1024,1,50000,0.01,50,-1,0.01,20,2024-04-04_13-52-17,successful,0.0822775029165546,0.026274017587586,0.0512748344370861,0.093549065255078,
1m,1024,1,50000,0.001,50,-1,0.01,20,2024-04-04_13-56-52,successful,0.0834415725498205,0.0271834861081137,0.0493625827814569,0.1037357972712757,
1m,1024,1,50000,0.0001,50,-1,0.01,20,2024-04-04_14-01-28,successful,0.0765505581603757,0.0244663030804665,0.0445115894039735,0.0977910721052044,
1m,1024,1,50000,0.01,50,-1,0.1,20,2024-04-04_14-06-04,successful,0.0802705683122106,0.0249532595145654,0.0507201986754966,0.0918406766995158,
1m,1024,1,50000,0.001,50,-1,0.1,20,2024-04-04_14-10-40,successful,0.0750417977077052,0.0242144060586912,0.044478476821192,0.0908445129201853,
1m,1024,1,50000,0.0001,50,-1,0.1,20,2024-04-04_14-15-17,successful,0.053154495262333,0.015280152454884,0.033137417218543,0.0629677859427854,
1m,1024,2,4096,0.01,50,-1,0.0025,20,2024-04-04_14-19-53,successful,0.0791609929238421,0.0240629883365385,0.0514983443708609,0.0879639717772506,
1m,1024,2,4096,0.001,50,-1,0.0025,20,2024-04-04_14-29-00,successful,0.0861507027627896,0.0286132056895077,0.0508774834437086,0.1044770085591246,
1m,1024,2,4096,0.0001,50,-1,0.0025,20,2024-04-04_14-38-08,successful,0.0804681973165327,0.0265089717560936,0.0466307947019867,0.1001362813286074,
1m,1024,2,4096,0.01,50,-1,0.01,20,2024-04-04_14-47-17,successful,0.078269550754243,0.0237283589676291,0.0510182119205298,0.0867358999867943,
1m,1024,2,4096,0.001,50,-1,0.01,20,2024-04-04_14-56-24,successful,0.0842193330302149,0.0278730275573838,0.0497847682119205,0.1006609103117001,
1m,1024,2,4096,0.0001,50,-1,0.01,20,2024-04-04_15-05-32,successful,0.0702682060463922,0.0223281449728972,0.0410099337748344,0.088342851406063,
1m,1024,2,4096,0.01,50,-1,0.1,20,2024-04-04_15-14-40,successful,0.0762203707785171,0.0228728761580498,0.049933774834437,0.0842068648418274,
1m,1024,2,4096,0.001,50,-1,0.1,20,2024-04-04_15-23-49,successful,0.0549983461268172,0.0158835326310134,0.034933774834437,0.0624318470674828,
1m,1024,2,4096,0.0001,50,-1,0.1,20,2024-04-04_15-32-59,successful,0.053243555284755,0.0152905596597683,0.0337003311258278,0.0618829380601417,
1m,1024,2,10000,0.01,50,-1,0.0025,20,2024-04-04_15-42-07,successful,0.0785958159613543,0.0238517642980405,0.0509933774834437,0.087801008675925,
1m,1024,2,10000,0.001,50,-1,0.0025,20,2024-04-04_15-47-58,successful,0.0855967573588689,0.0281225326179492,0.0511506622516556,0.105259289150375,
1m,1024,2,10000,0.0001,50,-1,0.0025,20,2024-04-04_15-53-48,successful,0.0819096802173794,0.0269072084103724,0.0477980132450331,0.1030592387539827,
1m,1024,2,10000,0.01,50,-1,0.01,20,2024-04-04_15-59-52,successful,0.0783646705922007,0.0237578391512465,0.05091059602649,0.0874401794898774,
1m,1024,2,10000,0.001,50,-1,0.01,20,2024-04-04_16-06-08,successful,0.0845818453471828,0.0277112577865542,0.0504387417218543,0.1040693201538688,
1m,1024,2,10000,0.0001,50,-1,0.01,20,2024-04-04_16-12-24,successful,0.0739391639031173,0.0237301163186082,0.0430215231788079,0.0935846821319604,
1m,1024,2,10000,0.01,50,-1,0.1,20,2024-04-04_16-18-39,successful,0.0776960816828292,0.0234984504562777,0.0505794701986754,0.0859727894960045,
1m,1024,2,10000,0.001,50,-1,0.1,20,2024-04-04_16-24-54,successful,0.0695294371392723,0.0211983565281824,0.0424006622516556,0.0830101481418306,
1m,1024,2,10000,0.0001,50,-1,0.1,20,2024-04-04_16-31-09,successful,0.0527827634739982,0.015031952151214,0.0333029801324503,0.0625198702043379,
1m,1024,2,50000,0.01,50,-1,0.0025,20,2024-04-04_16-37-24,successful,0.0791987752383035,0.0240226473517385,0.0513741721854304,0.0885491161392962,
1m,1024,2,50000,0.001,50,-1,0.0025,20,2024-04-04_16-42-36,successful,0.0859388567801887,0.0280863328544743,0.0515149006622516,0.1046119351812949,
1m,1024,2,50000,0.0001,50,-1,0.0025,20,2024-04-04_16-47-50,successful,0.0845072652909727,0.0279365458245423,0.0496523178807946,0.1046820174490064,
1m,1024,2,50000,0.01,50,-1,0.01,20,2024-04-04_16-52-59,successful,0.0785569379516463,0.0237513626629968,0.0511672185430463,0.0877663343568962,
1m,1024,2,50000,0.001,50,-1,0.01,20,2024-04-04_16-58-10,successful,0.0862945825730845,0.0284781955178075,0.0509354304635761,0.1063771533914566,
1m,1024,2,50000,0.0001,50,-1,0.01,20,2024-04-04_17-03-20,successful,0.0817811628807347,0.0266894153845914,0.0475579470198675,0.1041898347947729,
1m,1024,2,50000,0.01,50,-1,0.1,20,2024-04-04_17-08-32,successful,0.0778999028333199,0.0234738109131603,0.0508774834437086,0.0867028772239549,
1m,1024,2,50000,0.001,50,-1,0.1,20,2024-04-04_17-13-47,successful,0.0802940589181342,0.0257597437333554,0.04841059602649,0.0982420332291764,
1m,1024,2,50000,0.0001,50,-1,0.1,20,2024-04-04_17-18-58,successful,0.0538022290919914,0.0157889046361112,0.0330380794701986,0.063644805587306,
1m,1024,3,4096,0.01,50,-1,0.0025,20,2024-04-04_17-24-11,successful,0.0744875253333919,0.0222494603039035,0.0493377483443708,0.0806791428139253,
1m,1024,3,4096,0.001,50,-1,0.0025,20,2024-04-04_17-36-19,successful,0.0865453225595168,0.0284012096157309,0.0519205298013245,0.1033168223254694,
1m,1024,3,4096,0.0001,50,-1,0.0025,20,2024-04-04_17-48-23,successful,0.0842125764950782,0.0279490387100468,0.0491390728476821,0.1049112673856996,
1m,1024,3,4096,0.01,50,-1,0.01,20,2024-04-04_18-00-29,successful,0.0741986475468476,0.0221675289530905,0.0492218543046357,0.0801866701294119,
1m,1024,3,4096,0.001,50,-1,0.01,20,2024-04-04_18-12-32,successful,0.0858105288152488,0.0281004896363246,0.0518294701986755,0.1012678074244037,
1m,1024,3,4096,0.0001,50,-1,0.01,20,2024-04-04_18-24-38,successful,0.0776017416222345,0.0255405947502935,0.0449834437086092,0.0967681421678747,
1m,1024,3,4096,0.01,50,-1,0.1,20,2024-04-04_18-36-44,successful,0.0736025451041294,0.0219029063768468,0.0490397350993377,0.0791257396519182,
1m,1024,3,4096,0.001,50,-1,0.1,20,2024-04-04_18-48-47,successful,0.054529164840476,0.0149465951809741,0.0356208609271523,0.0627306025127149,
1m,1024,3,4096,0.0001,50,-1,0.1,20,2024-04-04_19-00-51,successful,0.055293459833776,0.015687297239761,0.0350496688741721,0.0651390694305298,
1m,1024,3,10000,0.01,50,-1,0.0025,20,2024-04-04_19-12-53,successful,0.0746972977516884,0.0224108328332114,0.0494536423841059,0.0801761535344711,
1m,1024,3,10000,0.001,50,-1,0.0025,20,2024-04-04_19-20-06,successful,0.085736418393143,0.0279517606115731,0.051614238410596,0.1034913112510231,
1m,1024,3,10000,0.0001,50,-1,0.0025,20,2024-04-04_19-27-19,successful,0.0833979538250163,0.0273529442640655,0.0490811258278145,0.1045689353183423,
1m,1024,3,10000,0.01,50,-1,0.01,20,2024-04-04_19-34-35,successful,0.0742350675016706,0.0220990630518899,0.0494205298013245,0.0798914255141492,
1m,1024,3,10000,0.001,50,-1,0.01,20,2024-04-04_19-41-49,successful,0.0855843940467936,0.0278041484980978,0.0516804635761589,0.1032688682035305,
1m,1024,3,10000,0.0001,50,-1,0.01,20,2024-04-04_19-49-03,successful,0.0783556200334681,0.025189425247033,0.0461092715231788,0.0982592690094829,
1m,1024,3,10000,0.01,50,-1,0.1,20,2024-04-04_19-56-16,successful,0.0738755780117487,0.0221019518221423,0.0490149006622516,0.0787887275101154,
1m,1024,3,10000,0.001,50,-1,0.1,20,2024-04-04_20-03-27,successful,0.0780279858612717,0.0244444943626533,0.0476572847682119,0.0926413272366964,
1m,1024,3,10000,0.0001,50,-1,0.1,20,2024-04-04_20-10-46,successful,0.053984309438913,0.0150930607011113,0.0346274834437086,0.0637361019606642,
1m,1024,3,50000,0.01,50,-1,0.0025,20,2024-04-04_20-18-10,successful,0.0739230333047634,0.0220646042762163,0.0489486754966887,0.079041476236065,
1m,1024,3,50000,0.001,50,-1,0.0025,20,2024-04-04_20-23-18,successful,0.0848489543388801,0.026937728195056,0.052342715231788,0.1001775311339792,
1m,1024,3,50000,0.0001,50,-1,0.0025,20,2024-04-04_20-28-27,successful,0.0838349675330268,0.02726412904103,0.0501490066225165,0.1019731908834983,
1m,1024,3,50000,0.01,50,-1,0.01,20,2024-04-04_20-33-36,successful,0.0739050482781862,0.0221698758331403,0.0487665562913907,0.0790916553755091,
1m,1024,3,50000,0.001,50,-1,0.01,20,2024-04-04_20-38-42,successful,0.0861896360284954,0.0282097726214676,0.0514652317880794,0.1045395358651242,
1m,1024,3,50000,0.0001,50,-1,0.01,20,2024-04-04_20-43-50,successful,0.084526051339177,0.0275785646106841,0.0496357615894039,0.1075032903697547,
1m,1024,3,50000,0.01,50,-1,0.1,20,2024-04-04_20-48-58,successful,0.0738806164229815,0.0221277074024515,0.0488576158940397,0.0792462524584393,
1m,1024,3,50000,0.001,50,-1,0.1,20,2024-04-04_20-54-03,successful,0.0839417289621619,0.0270282595684168,0.0507864238410596,0.1014862944817938,
1m,1024,3,50000,0.0001,50,-1,0.1,20,2024-04-04_20-59-06,successful,0.062070278141598,0.0191844470641902,0.0369205298013245,0.0779045598980231,
1m,1024,4,4096,0.01,50,-1,0.0025,20,2024-04-04_21-04-09,successful,0.0704631553132174,0.0206821717695489,0.0475496688741721,0.0745064714363071,
1m,1024,4,4096,0.001,50,-1,0.0025,20,2024-04-04_21-18-44,successful,0.0856615059405115,0.0277442400726298,0.0523178807947019,0.1006871228651731,
1m,1024,4,4096,0.0001,50,-1,0.0025,20,2024-04-04_21-33-24,successful,0.085814524573044,0.0287999815509764,0.0499586092715231,0.1055569612951195,
1m,1024,4,4096,0.01,50,-1,0.01,20,2024-04-04_21-48-01,successful,0.0703618841955076,0.0206868329899256,0.0474503311258278,0.0744875246474603,
1m,1024,4,4096,0.001,50,-1,0.01,20,2024-04-04_22-02-35,successful,0.0855254613347456,0.0275809923590479,0.0524172185430463,0.1004390911850168,
1m,1024,4,4096,0.0001,50,-1,0.01,20,2024-04-04_22-17-10,successful,0.0811262317500142,0.0270684740359238,0.0471357615894039,0.1005467537636479,
1m,1024,4,4096,0.01,50,-1,0.1,20,2024-04-04_22-31-48,successful,0.0706197161063302,0.0207138023645027,0.0475993377483443,0.075017625840757,
1m,1024,4,4096,0.001,50,-1,0.1,20,2024-04-04_22-46-25,successful,0.0789072986488795,0.0244064700911455,0.0490562913907284,0.0912474750793347,
1m,1024,4,4096,0.0001,50,-1,0.1,20,2024-04-04_23-01-02,successful,0.0547593389709403,0.0151921219959112,0.0354221854304635,0.0650263000960364,
1m,1024,4,10000,0.01,50,-1,0.0025,20,2024-04-04_23-15-42,successful,0.0702891471031489,0.0205947069123078,0.047317880794702,0.0742040117896506,
1m,1024,4,10000,0.001,50,-1,0.0025,20,2024-04-04_23-23-59,successful,0.0850432013352932,0.0273412299298959,0.0523261589403973,0.1003385339622895,
1m,1024,4,10000,0.0001,50,-1,0.0025,20,2024-04-04_23-32-17,successful,0.0832712648926704,0.0272418241149437,0.0492798013245033,0.1024667435456832,
1m,1024,4,10000,0.01,50,-1,0.01,20,2024-04-04_23-40-38,successful,0.0701253446961727,0.0205689940002041,0.0472019867549668,0.0740747385944115,
1m,1024,4,10000,0.001,50,-1,0.01,20,2024-04-04_23-48-56,successful,0.0853232698728596,0.0271993047207472,0.0524420529801324,0.1024435243429312,
1m,1024,4,10000,0.0001,50,-1,0.01,20,2024-04-04_23-57-15,successful,0.0815720620914237,0.0264167637086222,0.0481456953642384,0.1021213409786231,
1m,1024,4,10000,0.01,50,-1,0.1,20,2024-04-05_00-05-33,successful,0.0701072252876407,0.0205586774505711,0.0473261589403973,0.0738940191581195,
1m,1024,4,10000,0.001,50,-1,0.1,20,2024-04-05_00-13-51,successful,0.0828425384780583,0.026300273988389,0.0509437086092715,0.0969747366571159,
1m,1024,4,10000,0.0001,50,-1,0.1,20,2024-04-05_00-21-52,successful,0.0565090110415119,0.0165109983073081,0.0354139072847682,0.0666726113863466,
1m,1024,4,50000,0.01,50,-1,0.0025,20,2024-04-05_00-29-49,successful,0.0698691765364671,0.0205875027647547,0.0470447019867549,0.0735739073379824,
1m,1024,4,50000,0.001,50,-1,0.0025,20,2024-04-05_00-34-28,successful,0.08206035977958,0.0255145368476877,0.0517798013245033,0.0936345552711613,
1m,1024,4,50000,0.0001,50,-1,0.0025,20,2024-04-05_00-39-06,successful,0.0834943573009471,0.0268951027521414,0.0508526490066225,0.0993431739909179,
1m,1024,4,50000,0.01,50,-1,0.01,20,2024-04-05_00-43-43,successful,0.0701693236390426,0.0206975667075322,0.04716059602649,0.0739549738047402,
1m,1024,4,50000,0.001,50,-1,0.01,20,2024-04-05_00-48-20,successful,0.0860898341291579,0.0278858409547446,0.0523923841059602,0.1019397667262255,
1m,1024,4,50000,0.0001,50,-1,0.01,20,2024-04-05_00-52-58,successful,0.0859106357690469,0.0283780389842749,0.0501655629139072,0.1074550667224852,
1m,1024,4,50000,0.01,50,-1,0.1,20,2024-04-05_00-57-37,successful,0.0700597566385993,0.0206388771202959,0.0470943708609271,0.0734940244637959,
1m,1024,4,50000,0.001,50,-1,0.1,20,2024-04-05_01-02-21,successful,0.084361855831249,0.0271182902517625,0.0516887417218543,0.0990973730020971,
1m,1024,4,50000,0.0001,50,-1,0.1,20,2024-04-05_01-06-59,successful,0.0743920386406737,0.0239086007879002,0.0435430463576159,0.0925972823472497,
1m,64,1,64,0.0,50,-1,1e-05,20,2024-04-05_01-36-55,successful,0.0634672681690032,0.0180756600859774,0.0436258278145695,0.0668564690328833,
1m,64,1,1024,0.0,50,-1,1e-05,20,2024-04-05_02-02-17,successful,0.0634718031389335,0.0183220815380792,0.0434023178807947,0.0663091275692797,
1m,64,2,64,0.0,50,-1,1e-05,20,2024-04-05_02-09-42,successful,0.0628130158523905,0.0178436132584964,0.0431043046357615,0.066071270099741,
1m,64,2,1024,0.0,50,-1,1e-05,20,2024-04-05_02-42-07,successful,0.0637019244282671,0.0183661057947591,0.0434933774834437,0.0665655086726206,
1m,64,3,64,0.0,50,-1,1e-05,20,2024-04-05_02-49-45,successful,0.0627875341868689,0.017887495607338,0.0431208609271523,0.066108492784894,
1m,64,3,1024,0.0,50,-1,1e-05,20,2024-04-05_03-29-33,successful,0.0639876904087491,0.0184245657741837,0.0438576158940397,0.0669142253852306,
1m,64,4,64,0.0,50,-1,1e-05,20,2024-04-05_03-37-11,successful,0.0628345966194195,0.0179064253508962,0.043137417218543,0.0659953271851055,
1m,64,4,1024,0.0,50,-1,1e-05,20,2024-04-05_04-24-22,successful,0.0643529988409685,0.0186012864701732,0.0440811258278145,0.0670060493175694,
1m,512,1,64,0.0,50,-1,1e-05,20,2024-04-05_04-32-22,successful,0.0735865733355003,0.0224423460452151,0.0470778145695364,0.080940683305047,
1m,512,1,1024,0.0,50,-1,1e-05,20,2024-04-05_06-16-35,successful,0.0637457954097283,0.0181732168263333,0.0438327814569536,0.0670561831038978,
1m,512,2,64,0.0,50,-1,1e-05,20,2024-04-05_06-26-18,successful,0.0712913154631144,0.021257246751127,0.0469536423841059,0.0767647156388655,
1m,512,2,1024,0.0,50,-1,1e-05,20,2024-04-05_09-26-46,successful,0.0629991335146834,0.0179478535342106,0.043319536423841,0.0662947929252823,
1m,512,3,64,0.0,50,-1,1e-05,20,2024-04-05_09-41-22,successful,0.067356109852955,0.0192607291052229,0.0461341059602649,0.0711163262712038,
1m,512,3,1024,0.0,50,-1,1e-05,20,2024-04-05_14-00-38,successful,0.0629605387610152,0.0179557982305881,0.0431953642384106,0.0662417382350243,
1m,512,4,64,0.0,50,-1,1e-05,20,2024-04-05_14-20-20,successful,0.06439787948352,0.0183093221601596,0.0443708609271523,0.0672837980650728,
1m,512,4,1024,0.0,50,-1,1e-05,20,2024-04-05_20-00-40,successful,0.0629764786446726,0.0179474365663193,0.0431870860927152,0.0661923606083318,
1m,1024,1,64,0.0,50,-1,1e-05,20,2024-04-05_20-25-35,successful,0.0761487840373175,0.0235345400676204,0.0481208609271523,0.0857080688035303,
1m,1024,1,1024,0.0,50,-1,1e-05,20,2024-04-05_23-37-38,successful,0.0660662708231861,0.0189519957831062,0.0452980132450331,0.0693568750468709,
1m,1024,2,64,0.0,50,-1,1e-05,20,2024-04-05_23-52-57,successful,0.0733983811888166,0.0223865387050883,0.0468543046357615,0.0815795940061744,
1m,1024,2,1024,0.0,50,-1,1e-05,20,2024-04-06_05-50-41,successful,0.0631986906552314,0.0180011364172258,0.0434602649006622,0.066394213421431,
1m,1024,3,64,0.0,50,-1,1e-05,20,2024-04-06_06-16-26,successful,0.0710656546042846,0.0214416313819728,0.0464072847682119,0.0766230275723629,
1m,1024,3,1024,0.0,50,-1,1e-05,20,2024-04-06_14-56-47,successful,0.0630477121464477,0.0179683679071642,0.0433112582781457,0.0664532342250418,
1m,1024,4,64,0.0,50,-1,1e-05,20,2024-04-06_15-32-45,successful,0.0697730350265255,0.0204629083685842,0.0464238410596026,0.0748418434361465,
1m,1024,4,1024,0.0,50,-1,1e-05,20,2024-04-07_02-57-47,successful,0.0629594643470432,0.0179300747081558,0.043228476821192,0.0662954889704513,
1m,512,2,50000,0.001,100,-1,0.01,20,2024-04-07_12-30-44,successful,0.086742605001716,0.0285813450098575,0.0512996688741722,0.1062013621118383,
1m,128,2,50000,0.001,100,-1,0.01,20,2024-04-07_12-45-13,successful,0.0857967235604738,0.0282267160708584,0.0508360927152317,0.1048935190001449,
1m,1024,0,50000,0.001,50,-1,0.0025,20,2024-04-07_13-59-49,successful,0.0832106321186334,0.0268983126928719,0.0492218543046357,0.1059803045267996,
1m,1024,1,50000,0.0001,100,-1,0.0025,20,2024-04-07_14-22-52,successful,0.08301283420604809,0.026985169522656505,0.04817052980132451,0.10701525864965819,
